,date,title,text,link
0,2022-11-10,Meta大規模裁員13％逾1.1萬人，祖克柏為錯估情勢公開信致歉：「我錯了，我要為此負責」,英國金融服務公司HargreavesLansdown分析師史屈特（SusannahStreeter）指出，「祖克柏的認錯（meaculpa）聲明不太可能讓投資者安心，反之，他們可能會因為他承認了高估公司前景而更加不安。」,https://www.thenewslens.com/article/176290
1,2022-11-06,推特藍色勾勾付費制優先在英、美、加等國上路，專家警告大規模裁員恐削弱事實查核力道,非營利團體「自由媒體」（FreePress）共同執行長龔薩雷茲（JessicaGonzalez）表示，「大家都知道」，期中大選選前「社群媒體會出現失控行為，提供錯誤訊息並恐嚇、傷害有色人種選民」，而她擔心，推特會在這個節骨眼鬆懈內容核實力道。,https://www.thenewslens.com/article/176060
2,2022-11-11,AI機器人Bella擔任長照諮詢員，暖性互動讓社福零距離,風靡全球的日本虛擬歌手初音未來，是動漫迷的最愛，而在台灣也有類似的虛擬AI機器人Bella，她的任務是提供有溫度、擬真的長照諮詢服務，與銀髮族及家屬互動，透過自然的應答，讓長照更普及、社福零距離。,https://www.thenewslens.com/article/176390
3,2022-11-03,美國聯邦傳播委員會（FCC）委員卡爾訪台，將與NCC和外交部等官員會談，聚焦5G、資安等議題,卡爾昨天應國家通訊傳播委員會（NCC）邀請抵達台灣訪問，展開一系列雙邊會議。FCC昨天發布新聞稿表示，卡爾是首位造訪台灣的FCC委員。造訪台灣期間，卡爾將拜會NCC、數位發展部與外交部。卡爾也透過推特分享他今天拜會外交部與NCC的照片。,https://www.thenewslens.com/article/175892
4,2022-11-02,你還記得自己心中的衝勁嗎？寫在2022未來大人物專題講座舉辦前,記得年輕無畏、勇敢前進的模樣嗎？其實我們心中都還藏著當年那個大膽無所畏懼的小孩，只是偶爾我們忘記了。你有說出「想成功」或「不怕失敗」的勇氣嗎？2022年我們重啟「未來大人物專題講座」試著邀請你一起定義成功與失敗。,https://www.thenewslens.com/article/175872
5,2022-11-11,從敘事到遊戲，打造XR內容價值鏈！2022TCCF未來內容展，國際專家傳授「內容轉型與變現」商業秘訣,VR、AR、MR等技術已經大量運用於敘事和遊戲創作之中，而在創作之外，募資、通路發行、行銷等商業運作是創作者面臨的一大難題。2022TCCF創意內容大會─未來內容展主題沙龍【國際焦點｜敘事v.s.遊戲：VR內容的商機與發展】邀請國際知名VR體驗內容設計公司ARVOREImmersive營運總監DoedeHoltkamp分享他的寶貴經驗。,https://www.thenewslens.com/feature/2022tccf-innovation-exhibition/176344
6,2022-11-01,馬斯克開鍘推特高層、成為唯一董事，好萊塢名人擔憂「自由言論」紛紛停用推特,馬斯克推特收購案爭議多個月，終於在10月27日完成這筆440億美元的鉅額交易。收購後，不僅推特4名高層主官遭解雇，推特董事會更被解散，馬斯克則成為推特唯一股東。許多好萊塢名人紛紛離開推特，並表達他們對於推特仇恨性言論審查規範鬆綁的擔憂。,https://www.thenewslens.com/article/175767
7,2022-10-31,《元宇宙》：這些商機不只讓人親身體驗《星際大戰》的世界，而是成為整個說故事體驗的核心,電影與電視並不會消失，就像是口述故事、各種連載作品、小說與廣播節目都在問世之後好幾個世紀持續存在；但是，可以想見未來的影視作品應該會有各種豐富的互動體驗，或者說是廣義的「遊戲」體驗。,https://www.thenewslens.com/article/175151
8,2022-11-10,開發超音波可視化動態影像，讓AI醫療醫學邁進一大步,你做過超音波檢查嗎？那些花花綠綠的影像是否讓人毫無頭緒？為了解決超音波影像判讀及醫病溝通的問題，雙和醫院攜手新創團隊，以AI模仿醫生判讀肺部超音波影像，讓外行人也能看懂，不僅促進病患理解，更縮短新進醫生的學習曲線。,https://www.thenewslens.com/article/176316
9,2022-10-29,駭客兜售2300萬筆台灣民政資料：預覽可見林姿妙、陳歐珀，工程師實測發現「符合現況」,目前放出的20萬筆資料，大多集中在宜蘭，裡面甚至包含縣長林姿妙、立委陳歐珀等政治人物及其家人的資料，工程師以親友名字實測發現資訊均符合現況，「連『喪偶』登記都有更新」。,https://www.thenewslens.com/article/175656
10,2022-10-25,特斯拉的星鏈「Starlink」，為何在烏克蘭對抗俄羅斯戰爭中那麼重要？,烏克蘭部隊正在使用星鏈進行通信，例如總部和戰場上的部隊之間用的就是星鏈——星鏈的信號不會像普通的無線電信號那樣被干擾，而且只需要15分鐘就能安裝好這套設備。,https://www.thenewslens.com/article/175217
11,2022-11-10,2022TCCF未來內容展多國專家深度對談，對接國際最新文化科技產業趨勢,文化內容策進院主辦「2022TCCF創意內容大會」，匯聚臺灣具潛力IP成品及提案，致力為全球內容業者媒合最佳國際合製資源。而9日登場的「主題沙龍-國際焦點」則邀請榮獲國際藝術獎項、影展肯定的內容製作公司及導演，分享幕後製程及商機開發經驗，期待藉由豐富的產業經驗分享，促進臺灣文化內容產業對接國際。,https://www.thenewslens.com/feature/2022tccf-innovation-exhibition/176300
12,2022-10-22,SpaceX低軌衛星Starlink落地有望，電信業界：土洋合作已有默契，盼克服法規問題,國內電信3雄都對低軌衛星合作抱持開放積極態度；中華電信董事長謝繼茂先前指出，低軌衛星需要落地，中華電在地面接收方面是首屈一指，目前已和好幾家國際業者接觸測試，但實質業務合作還沒有進行，國際公司要克服法規面的問題，服務落地的時間點才會明確。,https://www.thenewslens.com/article/175223
13,2022-10-21,【未來大人物】網路謠言漫天飛，Cofacts真的假的：勇敢查核並做個識讀者,我們手上的每一個點擊，都決定了我們下一秒看到的是知識或垃圾。你對數位假訊息感到失望嗎？「Cofacts真的假的」希望與每個在LINE聊天群組中感到絕望的數位原民站在一起，透過共編共好的回應資料，澄清真相，並讓大家知道面對闢謠網傳謠言的自己並不孤單。,https://www.thenewslens.com/article/175211
14,2022-11-10,pCloud終身雲端空間怎麼用？線上存放大檔案隨處存取,瑞士的老字號雲端服務pCloud推出業界少有的雲端空間終身方案，從500GB到10TB都有而且只需要一次性付款就能終身使用，用越久越划算。最近更推出雙11優惠方案，500GB、2TB、10TB終身方案都有優惠！,https://www.thenewslens.com/article/175771
15,2022-10-21,《華盛頓郵報》：馬斯克併購後計畫將裁減推特75%人力，推特早就準備大規模裁員計畫,里奇蒙大學（UniversityofRichmond）威廉姆斯法學院主席托比亞斯（CarlTobias）向《衛報》表示，裁員無疑將影響推特在降低平台上處理有害內容和應對安全問題的能力，而這將對推特的日常營運產生影響。,https://www.thenewslens.com/article/175168
16,2022-10-21,Meta「閩南話口語翻譯系統」計畫負責人來自台灣，「鄉土劇」對訓練AI有貢獻,人工智慧研究員陳鵬仁（Peng-JenChen）70歲已退休的父親陳聖獎來自台灣南部，主要說閩南語（Hokkien，台語或福建話）。他一直希望父親能用閩南語和所有人溝通，因為那是他父親用起來最舒服的語言。就是這個「為愛翻譯」的初心，他著手解決問題。,https://www.thenewslens.com/article/175144
17,2022-11-08,5G師資X技術社群！工業局全方位資源賦能，啟動5G應用未來,5G應用場景日趨多元，要支撐市場達到百花齊放的榮景，更凸顯了相關跨域人才的缺乏與渴求，於此同時，帶領人才前進的業界師資們，是否也已完成自我賦能、加值，並準備好以新視野、新觀點打開新世代的發展力，將是5G產業開展下一個重要挑戰！,https://www.thenewslens.com/feature/5g-jump/175976
18,2022-10-20,AI繪圖之亂：藝術已死，人類輸了，人工智慧將抹殺台灣藝文產業？,AI繪圖在為來幾年成為繪圖圈的「遊戲規則」將會是勢不可擋的趨勢。真人繪師是否會被淘汰，人類創作藝術的時代已經結束了嗎？目前主要有兩派說法......,https://www.thenewslens.com/article/174830
19,2022-10-20,Meta推出人工智慧翻譯工具，可即時互譯閩南話與英語,祖克柏以英語指出，有數以百萬的民眾說福建話，但因為它沒有標準的書寫系統，這使得打造翻譯系統變得很困難。這段話接著被譯成福建話唸出來。與他對話的人說，在他小的時候，學校沒有教福建話，它是透過口說代代相傳。祖克柏說，因為有了這個研發成果，「我們也都可以聽懂（福建話）了」。,https://www.thenewslens.com/article/175085
20,2022-11-08,科學辦案勝柯南！犯罪現場燒腦的事就交給AI,被害者被被棄屍荒野，偵查單位居然靠AI演算血跡形態，重建第一現場，讓兇嫌啞口無言，坦承罪行？！沒錯，這就是科學辦案的威力。AIGO計畫媒合高雄市警察局及新創團隊旺來AI工作室，讓刑事人員省下更多時間與人力，提高破案效率。,https://www.thenewslens.com/article/175796
21,2022-10-16,美國評估AI可望成為警察執法的有力夥伴，但演算法判斷失準的錯誤誰來承擔？,美國西北太平洋國家實驗室正評估，未來將人工智慧技術結合警察系統的可能性，認為AI不僅是一種工具，甚至能作為警察執法的合作夥伴；然而過於依賴AI的偵測功能也容易導致判斷失準甚至侵犯人們權利，對於未來更廣泛的應用則亟需完整且具前瞻性的政策以規範。,https://www.thenewslens.com/article/174835
22,2022-10-12,敘利亞難民透過直播募捐維持生計，TikTok從中抽成高達70％遭批剝削,敘利亞難民藉TikTok直播募捐維持生計，已逐漸成為新趨勢，日前TikTok卻被爆出從捐款中抽成高達70％。聯合國難民署（UNHCR）官員指出，使用社交媒體可以創造機會，特別是對弱勢族群，但它有時也會被濫用，造成剝削與傷害。,https://www.thenewslens.com/article/174661
23,2022-11-08,後疫時代加速數位轉型服務型機器人提升機場營運效率,疫情衝擊餐飲、地勤業，服務型機器人能高彈性運用在各種場域，符合缺工和無接觸商機潮流，強大的AI功能開啟智慧化服務新變革，對於「海嘯第一排」的航空相關產業來說，桃園機場更是如此。,https://www.thenewslens.com/article/176119
24,2022-10-11,iPhone「車禍偵測」新功能，在使用者玩雲霄飛車時打給了911求救,當下勤務中心派出一組小隊到該遊樂設施處，但沒有看到任何緊急狀況，直到那名使用者在排隊碰碰車時看到那些通知，才回電表示人身安全無虞。根據出勤單位說法，這種「雲霄飛車來電」並不少見。,https://www.thenewslens.com/article/174602
25,2022-10-07,【2022未來大人物名單出爐】ShotUp！不囉嗦大勢代：20組正在讓改變發生的年輕力量,不囉嗦，行動吧！即使面對疫情困境，台灣各角落裡依舊有匯集著改變台灣未來的年輕力量。2022年未來大人物出爐，這群勇於突破的近未來人才，正在為「成功」帶來不同的定義。,https://www.thenewslens.com/article/174426
26,2022-11-10,Meta大規模裁員13％逾1.1萬人，祖克柏為錯估情勢公開信致歉：「我錯了，我要為此負責」,英國金融服務公司HargreavesLansdown分析師史屈特（SusannahStreeter）指出，「祖克柏的認錯（meaculpa）聲明不太可能讓投資者安心，反之，他們可能會因為他承認了高估公司前景而更加不安。」,https://www.thenewslens.com/article/176290
27,2022-11-06,推特藍色勾勾付費制優先在英、美、加等國上路，專家警告大規模裁員恐削弱事實查核力道,非營利團體「自由媒體」（FreePress）共同執行長龔薩雷茲（JessicaGonzalez）表示，「大家都知道」，期中大選選前「社群媒體會出現失控行為，提供錯誤訊息並恐嚇、傷害有色人種選民」，而她擔心，推特會在這個節骨眼鬆懈內容核實力道。,https://www.thenewslens.com/article/176060
28,2022-11-11,AI機器人Bella擔任長照諮詢員，暖性互動讓社福零距離,風靡全球的日本虛擬歌手初音未來，是動漫迷的最愛，而在台灣也有類似的虛擬AI機器人Bella，她的任務是提供有溫度、擬真的長照諮詢服務，與銀髮族及家屬互動，透過自然的應答，讓長照更普及、社福零距離。,https://www.thenewslens.com/article/176390
29,2022-11-03,美國聯邦傳播委員會（FCC）委員卡爾訪台，將與NCC和外交部等官員會談，聚焦5G、資安等議題,卡爾昨天應國家通訊傳播委員會（NCC）邀請抵達台灣訪問，展開一系列雙邊會議。FCC昨天發布新聞稿表示，卡爾是首位造訪台灣的FCC委員。造訪台灣期間，卡爾將拜會NCC、數位發展部與外交部。卡爾也透過推特分享他今天拜會外交部與NCC的照片。,https://www.thenewslens.com/article/175892
30,2022-11-02,你還記得自己心中的衝勁嗎？寫在2022未來大人物專題講座舉辦前,記得年輕無畏、勇敢前進的模樣嗎？其實我們心中都還藏著當年那個大膽無所畏懼的小孩，只是偶爾我們忘記了。你有說出「想成功」或「不怕失敗」的勇氣嗎？2022年我們重啟「未來大人物專題講座」試著邀請你一起定義成功與失敗。,https://www.thenewslens.com/article/175872
31,2022-11-11,從敘事到遊戲，打造XR內容價值鏈！2022TCCF未來內容展，國際專家傳授「內容轉型與變現」商業秘訣,VR、AR、MR等技術已經大量運用於敘事和遊戲創作之中，而在創作之外，募資、通路發行、行銷等商業運作是創作者面臨的一大難題。2022TCCF創意內容大會─未來內容展主題沙龍【國際焦點｜敘事v.s.遊戲：VR內容的商機與發展】邀請國際知名VR體驗內容設計公司ARVOREImmersive營運總監DoedeHoltkamp分享他的寶貴經驗。,https://www.thenewslens.com/feature/2022tccf-innovation-exhibition/176344
32,2022-11-01,馬斯克開鍘推特高層、成為唯一董事，好萊塢名人擔憂「自由言論」紛紛停用推特,馬斯克推特收購案爭議多個月，終於在10月27日完成這筆440億美元的鉅額交易。收購後，不僅推特4名高層主官遭解雇，推特董事會更被解散，馬斯克則成為推特唯一股東。許多好萊塢名人紛紛離開推特，並表達他們對於推特仇恨性言論審查規範鬆綁的擔憂。,https://www.thenewslens.com/article/175767
33,2022-10-31,《元宇宙》：這些商機不只讓人親身體驗《星際大戰》的世界，而是成為整個說故事體驗的核心,電影與電視並不會消失，就像是口述故事、各種連載作品、小說與廣播節目都在問世之後好幾個世紀持續存在；但是，可以想見未來的影視作品應該會有各種豐富的互動體驗，或者說是廣義的「遊戲」體驗。,https://www.thenewslens.com/article/175151
34,2022-11-10,開發超音波可視化動態影像，讓AI醫療醫學邁進一大步,你做過超音波檢查嗎？那些花花綠綠的影像是否讓人毫無頭緒？為了解決超音波影像判讀及醫病溝通的問題，雙和醫院攜手新創團隊，以AI模仿醫生判讀肺部超音波影像，讓外行人也能看懂，不僅促進病患理解，更縮短新進醫生的學習曲線。,https://www.thenewslens.com/article/176316
35,2022-10-29,駭客兜售2300萬筆台灣民政資料：預覽可見林姿妙、陳歐珀，工程師實測發現「符合現況」,目前放出的20萬筆資料，大多集中在宜蘭，裡面甚至包含縣長林姿妙、立委陳歐珀等政治人物及其家人的資料，工程師以親友名字實測發現資訊均符合現況，「連『喪偶』登記都有更新」。,https://www.thenewslens.com/article/175656
36,2022-10-25,特斯拉的星鏈「Starlink」，為何在烏克蘭對抗俄羅斯戰爭中那麼重要？,烏克蘭部隊正在使用星鏈進行通信，例如總部和戰場上的部隊之間用的就是星鏈——星鏈的信號不會像普通的無線電信號那樣被干擾，而且只需要15分鐘就能安裝好這套設備。,https://www.thenewslens.com/article/175217
37,2022-11-10,2022TCCF未來內容展多國專家深度對談，對接國際最新文化科技產業趨勢,文化內容策進院主辦「2022TCCF創意內容大會」，匯聚臺灣具潛力IP成品及提案，致力為全球內容業者媒合最佳國際合製資源。而9日登場的「主題沙龍-國際焦點」則邀請榮獲國際藝術獎項、影展肯定的內容製作公司及導演，分享幕後製程及商機開發經驗，期待藉由豐富的產業經驗分享，促進臺灣文化內容產業對接國際。,https://www.thenewslens.com/feature/2022tccf-innovation-exhibition/176300
38,2022-10-22,SpaceX低軌衛星Starlink落地有望，電信業界：土洋合作已有默契，盼克服法規問題,國內電信3雄都對低軌衛星合作抱持開放積極態度；中華電信董事長謝繼茂先前指出，低軌衛星需要落地，中華電在地面接收方面是首屈一指，目前已和好幾家國際業者接觸測試，但實質業務合作還沒有進行，國際公司要克服法規面的問題，服務落地的時間點才會明確。,https://www.thenewslens.com/article/175223
39,2022-10-21,【未來大人物】網路謠言漫天飛，Cofacts真的假的：勇敢查核並做個識讀者,我們手上的每一個點擊，都決定了我們下一秒看到的是知識或垃圾。你對數位假訊息感到失望嗎？「Cofacts真的假的」希望與每個在LINE聊天群組中感到絕望的數位原民站在一起，透過共編共好的回應資料，澄清真相，並讓大家知道面對闢謠網傳謠言的自己並不孤單。,https://www.thenewslens.com/article/175211
40,2022-11-10,pCloud終身雲端空間怎麼用？線上存放大檔案隨處存取,瑞士的老字號雲端服務pCloud推出業界少有的雲端空間終身方案，從500GB到10TB都有而且只需要一次性付款就能終身使用，用越久越划算。最近更推出雙11優惠方案，500GB、2TB、10TB終身方案都有優惠！,https://www.thenewslens.com/article/175771
41,2022-10-21,《華盛頓郵報》：馬斯克併購後計畫將裁減推特75%人力，推特早就準備大規模裁員計畫,里奇蒙大學（UniversityofRichmond）威廉姆斯法學院主席托比亞斯（CarlTobias）向《衛報》表示，裁員無疑將影響推特在降低平台上處理有害內容和應對安全問題的能力，而這將對推特的日常營運產生影響。,https://www.thenewslens.com/article/175168
42,2022-10-21,Meta「閩南話口語翻譯系統」計畫負責人來自台灣，「鄉土劇」對訓練AI有貢獻,人工智慧研究員陳鵬仁（Peng-JenChen）70歲已退休的父親陳聖獎來自台灣南部，主要說閩南語（Hokkien，台語或福建話）。他一直希望父親能用閩南語和所有人溝通，因為那是他父親用起來最舒服的語言。就是這個「為愛翻譯」的初心，他著手解決問題。,https://www.thenewslens.com/article/175144
43,2022-11-08,5G師資X技術社群！工業局全方位資源賦能，啟動5G應用未來,5G應用場景日趨多元，要支撐市場達到百花齊放的榮景，更凸顯了相關跨域人才的缺乏與渴求，於此同時，帶領人才前進的業界師資們，是否也已完成自我賦能、加值，並準備好以新視野、新觀點打開新世代的發展力，將是5G產業開展下一個重要挑戰！,https://www.thenewslens.com/feature/5g-jump/175976
44,2022-10-20,AI繪圖之亂：藝術已死，人類輸了，人工智慧將抹殺台灣藝文產業？,AI繪圖在為來幾年成為繪圖圈的「遊戲規則」將會是勢不可擋的趨勢。真人繪師是否會被淘汰，人類創作藝術的時代已經結束了嗎？目前主要有兩派說法......,https://www.thenewslens.com/article/174830
45,2022-10-20,Meta推出人工智慧翻譯工具，可即時互譯閩南話與英語,祖克柏以英語指出，有數以百萬的民眾說福建話，但因為它沒有標準的書寫系統，這使得打造翻譯系統變得很困難。這段話接著被譯成福建話唸出來。與他對話的人說，在他小的時候，學校沒有教福建話，它是透過口說代代相傳。祖克柏說，因為有了這個研發成果，「我們也都可以聽懂（福建話）了」。,https://www.thenewslens.com/article/175085
46,2022-11-08,科學辦案勝柯南！犯罪現場燒腦的事就交給AI,被害者被被棄屍荒野，偵查單位居然靠AI演算血跡形態，重建第一現場，讓兇嫌啞口無言，坦承罪行？！沒錯，這就是科學辦案的威力。AIGO計畫媒合高雄市警察局及新創團隊旺來AI工作室，讓刑事人員省下更多時間與人力，提高破案效率。,https://www.thenewslens.com/article/175796
47,2022-10-16,美國評估AI可望成為警察執法的有力夥伴，但演算法判斷失準的錯誤誰來承擔？,美國西北太平洋國家實驗室正評估，未來將人工智慧技術結合警察系統的可能性，認為AI不僅是一種工具，甚至能作為警察執法的合作夥伴；然而過於依賴AI的偵測功能也容易導致判斷失準甚至侵犯人們權利，對於未來更廣泛的應用則亟需完整且具前瞻性的政策以規範。,https://www.thenewslens.com/article/174835
48,2022-10-12,敘利亞難民透過直播募捐維持生計，TikTok從中抽成高達70％遭批剝削,敘利亞難民藉TikTok直播募捐維持生計，已逐漸成為新趨勢，日前TikTok卻被爆出從捐款中抽成高達70％。聯合國難民署（UNHCR）官員指出，使用社交媒體可以創造機會，特別是對弱勢族群，但它有時也會被濫用，造成剝削與傷害。,https://www.thenewslens.com/article/174661
49,2022-11-08,後疫時代加速數位轉型服務型機器人提升機場營運效率,疫情衝擊餐飲、地勤業，服務型機器人能高彈性運用在各種場域，符合缺工和無接觸商機潮流，強大的AI功能開啟智慧化服務新變革，對於「海嘯第一排」的航空相關產業來說，桃園機場更是如此。,https://www.thenewslens.com/article/176119
50,2022-10-11,iPhone「車禍偵測」新功能，在使用者玩雲霄飛車時打給了911求救,當下勤務中心派出一組小隊到該遊樂設施處，但沒有看到任何緊急狀況，直到那名使用者在排隊碰碰車時看到那些通知，才回電表示人身安全無虞。根據出勤單位說法，這種「雲霄飛車來電」並不少見。,https://www.thenewslens.com/article/174602
51,2022-10-07,【2022未來大人物名單出爐】ShotUp！不囉嗦大勢代：20組正在讓改變發生的年輕力量,不囉嗦，行動吧！即使面對疫情困境，台灣各角落裡依舊有匯集著改變台灣未來的年輕力量。2022年未來大人物出爐，這群勇於突破的近未來人才，正在為「成功」帶來不同的定義。,https://www.thenewslens.com/article/174426
52,2022-10-06,《私隱即權力》：利用科技抑或被科技利用？,科技巨頭自然會擁護有利他們的說法，但更加貼近真實的說法應該是：當科技發展帶來的負面後果超過正面效益時，就應該要被停止。,https://www.thenewslens.com/article/174240
53,2022-10-06,Discord、Roblox被控未善盡保護責任，導致11歲女童遭成年男子騷擾與性剝削,「這些公司未能實施基本、易於實施的安全措施，而這本可以保護S.U.和其他孩子的安全。」對於本起案件，該律師事務所的創辦人伯格曼（MatthewP.Bergman）強調，「我相信這起訴訟將為他們伸張正義，我希望它能引導這些公司改進他們的產品。」,https://www.thenewslens.com/article/174403
54,2022-11-08,【圖輯】2022TCCF未來內容展（下）：科技應用開拓元宇宙娛樂格局,2022TCCF創意內容大會-未來內容展，展示新科技如NFT、XR、沉浸式投影結合文化內容的新型態作品，為民眾帶來不同以往的互動體驗。,https://www.thenewslens.com/feature/2022tccf-innovation-exhibition/176051
55,2022-10-05,就算是AI也有歧視，美國白宮提《人工智慧權利法案》避免演算法濫用、保障數位隱私,"美國白宮4日提出《人工智慧權利法案》旨在保護民眾個人數據不被AI演算法濫用，然而各界反映兩極。有人認為努力監管AI的同時，也可能扼殺創新；同時有人指出AI以不透明的方式收集個人數據，並擁有偏見，與監管規範直接衝突。
",https://www.thenewslens.com/article/174349
56,2022-10-04,英國14歲少女莫莉輕生，調查認定社群媒體提供不安全內容釀成悲劇,英國一名14歲少女莫莉輕生前透過社群媒體大量閱覽與自殘、自殺有關的圖像、影像、文字與其他令人感到沮喪消極的內容，Meta和Pinterest的高管為提供不安全內容道歉，政府將制定相關法案要求技術平台保護兒童免受有害內容的侵害。,https://www.thenewslens.com/article/174289
57,2022-11-07,有請AI來幫忙，屏東打火英雄救災更給力,消防員進出火場，分秒必爭，卻經常面對高度不確定性：濃煙阻礙視線、氧氣不足、建物坍塌、前進受阻。現在，創新的AI科技，讓火場的不可預測變為可預測；屏東縣消防局藉由AI輔助，不僅大幅縮短119語音報案處理時間，更進一步導入火場內的「動作軌跡偵測分析」。,https://www.thenewslens.com/article/175793
58,2022-10-03,特斯拉人型機器人Optimus亮相，馬斯克預言未來可供家用，甚至成為人類的性伴侶,全球首富馬斯克（ElonMusk）9月30日在電動車製造商特斯拉（Tesla）的「人工智慧日」（AIDay）活動中，展示了他讚不絕口的人型機器人Optimus。馬斯克預言，未來機器將可供家用，包括做晚餐、修剪草坪、照顧長者，甚至成為人類的「夥伴」或性伴侶。,https://www.thenewslens.com/article/174198
59,2022-10-02,NASA「行星防禦計劃」實驗，以飛行器直接撞擊小行星「迪莫弗斯」改變軌道,實驗室的任務系統工程師艾琳娜・亞當斯博士（DrElenaAdams）表示，知道我們有一個行星防禦計劃，「地球人應該能睡個好覺」。,https://www.thenewslens.com/article/173948
60,2022-11-07,沉浸式場域崛起！示範多元商模、打造規模化體驗經濟，迎向新型態展演變現的最後一哩路,沉浸式體驗橫掃全球，它們不僅帶來展演型態的多元可能，更身兼內容研發角色，成為孵化未來作品的關鍵基地。在2022TCCF創意內容大會一未來內容展的主題沙龍中，也針對這個發展趨勢邀請到台灣經營沉浸式場域的重要推手分享他們如何在協助科技內容創作者完善新媒體創作生態的同時，不斷摸索新的可能性，打造多元的永續商業模式。,https://www.thenewslens.com/feature/2022tccf-innovation-exhibition/176072
61,2022-09-29,Pornhub遭Instagram永久刪除帳號，發聲明控訴成人產業長期遭受歧視與差別待遇,至於Pornhub具體所違反的平台條款，母公司Meta沒有詳細說明違規事項，也拒絕透露Pornhub到底有過多少次違規行為，只表示在過去10年中多次警告該網站違反了社群準則。,https://www.thenewslens.com/article/174037
62,2022-09-28,IMD世界數位競爭力評比：台灣下滑3名排名第11，8指標全球前3,IMD評比以3大指標、9項次指標、54個細項指標，評估世界各國對於適應、探索與充分運用「數位轉變」的能量與整備度。這次調查評比中，台灣名列全球前3名的指標有8項，較2021年多出1項。其中，「全國平均總研發人力」、「行動寬頻用戶」及「資訊科技與媒體股票市場資本額占GDP的比率」全球居冠。,https://www.thenewslens.com/article/173953
63,2022-11-05,【圖輯】2022TCCF未來內容展（上）：看見VR技術拓展創作可能性,「2022TCCF創意內容大會-未來內容展」展出多項VR作品。有興趣的民眾不妨前往松山文創園區2、3號倉庫觀展，活動時間至11月13日。現在就讓我們以懶人包的形式帶大家快速認識本次參展的VR作品！,https://www.thenewslens.com/feature/2022tccf-innovation-exhibition/176025
64,2022-09-25,京都大學正在開發「能理解人類幽默感細微差異」的AI系統，訓練機器人在正確時機發笑,牛津大學網路研究院教授SandraWachter表示，人們必須謹記機器人或演算法是永遠沒辦法真正理解人類，也不會理解笑聲的真實含義，「他們沒有知覺能力，但他們卻能厲害到讓你相信他們瞭解一切事物。」,https://www.thenewslens.com/article/173746
65,2022-09-23,當海洋研究員遇上有200多年歷史的鯨魚廟，珍藏的骨骸見證了鯨魚在越南的演變,"萬秀水寺建於1762年，被認為是越南最古老的鯨魚廟，寺內有一具巨大的鯨魚骨架，長22公尺，估計活著時重達65噸，是東南亞保存最大的鯨魚骨架，另外寺內後方還放置了100多套鯨魚骨架和許多阮朝時期的文物，寺外還有一塊埋葬鯨魚的墓場。

",https://www.thenewslens.com/article/173662
66,2022-11-04,登入元宇宙！2022TCCF未來內容展以故事力帶你搞懂Web3.0,今年11月舉辦的TCCF創意內容大會「未來內容展」「擴增宇宙運算中」為題，帶領民眾進入Web3.0時代，展示國內外19件不同形式的感官體驗作品，透過數位技術創造虛擬內容的商業價值，讓民眾能藉由實際作品理解Web3.0的概念。,https://www.thenewslens.com/article/176001
67,2022-09-22,《藥學期刊》：TikTok向青少年推薦減肥藥物內容，許多民眾將社群媒體視為獲得處方藥資訊的管道,全國藥學協會的政策經理曼吉恩（HelgaMangion）強調，「社群媒體上流傳著這麼多與醫療相關的內容，有一個值得信任的專業人士來解讀資訊，幫助人們做出明智的選擇是很重要的。」,https://www.thenewslens.com/article/173658
68,2022-09-22,【數位轉型】企業轉型怎麼做？詹文男成立數位轉型學院，提供轉型策略目錄,本篇專訪臉書公開社團、以及網站「數位轉型學院」的院長詹文男，希望讓台灣各級產業藉此起步，能夠充分利用數位科技，提升產業競爭力，邁向數位轉型。,https://www.thenewslens.com/article/173502
69,2022-11-03,「2022TCCF創意內容大會-未來內容展」開幕國內外19件跨域節目引領臺灣文化科技產業先機,「2022TCCF創意內容大會-未來內容展」開展儀式於今（3）日稍早結束，今年未來內容展以「擴增宇宙運算中」為主軸，集結XR、互動投影、NFT等19項國內外沉浸式節目，匯聚文化科技應用最新趨勢，透過故事力策展打造軟性體驗，展現「未來內容」跨域應用價值。,https://www.thenewslens.com/feature/2022tccf-innovation-exhibition/175912
70,2022-09-21,【數位轉型】CBAM將上路，裴有恆籲：台灣企業再不做綠色轉型，可能會被碳稅壓垮！,面對企業迫在眉睫的需求與焦慮，專擅AIoT數位轉型的「中華亞太智慧物聯發展協會」理事長裴有恆認為，碳關稅一旦開徵，不符規格的企業可能因不敷成本退出競爭，也可能遭供應鏈捨棄。特別呼籲不在「以大帶小」行業的中小企業即刻行動，繼續觀望恐不樂觀。,https://www.thenewslens.com/article/173497
71,2022-09-20,【數位轉型】資策會率先示範組織轉型：不再與民爭利，聚焦數位轉型的第三方業務,每一次新科技出現的時候，不論是網路、或是智慧型手機等，就是全世界洗牌的時候，產業都跟著翻轉一次。而在翻轉之中失敗的人，其實並不是被新科技打敗，而是被「會用新科技的人」所打敗的。,https://www.thenewslens.com/article/173507
72,2022-11-02,讓觀者化身故事角色、用身體感受作品魅力的魔幻科技,在多媒體敘事與科技應用愈來愈純熟的當代，創作者說故事的方法變得更多元；在今年11月舉辦的TCCF創意內容大會「未來內容展」中，即可看見如何運用科技媒介，打造異於現實情境的空間，讓觀眾置身故事中，在作品裡探索冒險。,https://www.thenewslens.com/feature/2022tccf-innovation-exhibition/175586
73,2022-09-18,資安事件分析工程師：網路世界的鑑識英雄，為客戶搭建防護網降低受「駭」災情,扮演網路世界鑑識英雄的資安事件分析工程師一職應運而生，他們在客戶系統遭受駭客攻擊時爭取時間進行採證，分析攻擊來源與行為，降低受「駭」災情，並提出資安系統改善建議，協助搭建資安防護網，消弭資安危害於無形。,https://www.thenewslens.com/article/173268
74,2022-09-16,史上最重：Meta、Google因違反個資法遭韓國政府重罰共1000億韓元,2家公司都駁斥了委員會的調查結果，Meta表示並不同意委員會的決定，將在日後尋求法院裁決；Google則表示，一旦收到完整的書面決定，將會審視委員會的調查結果。,https://www.thenewslens.com/article/173355
75,2022-11-01,醫療無界限！看科技力如何突破時地限制，「遠距醫療」照護你我的健康,當賦能科技與醫療產業相互結合，遠距醫療成為醫療平權的可能解方；而新冠病毒的意外插曲，則陰錯陽差的讓臺灣遠距醫療邁入全新階段。究竟遠距醫療的前世今生為何？民眾的觀察、感受又是什麼？我們特別專訪亞東紀念醫院、萬里區衛生所及受惠病患，帶領民眾一起探究後疫情時代下遠距醫療的未來可能性。,https://www.thenewslens.com/feature/digi-plus/175395
76,2022-09-16,iPhone14系列是不是「有感升級」？專家開箱實測：動態島多工有效率「很神」，但仍有視覺遮蔽,整體而言，Tim哥看好今年iPhone14Pro和ProMax新功能實用，仍會大賣，如果預算夠可以考慮。iPhone14具備價格優勢、重量輕，是YouTuber或影像創作者外出拍片的好幫手，也是長輩或預算較低消費者的換機好選擇。,https://www.thenewslens.com/article/173353
77,2022-09-15,升級「以太坊2.0」有什麼好處？原本「拚顯卡算力」的挖礦方式會改成怎樣？,以太坊進入2.0的最大差別，就是新的「權益證明機制」會比原本的「工作量證明」更加節能，用戶不需要大量的計算能力來處理區塊鏈上的操作和交易，讓用顯卡拚算力的挖礦法在以太坊上成為歷史。,https://www.thenewslens.com/article/173257
78,2022-09-08,從「瀏海」到「動態島」：今天，我看到了「恥力全開」的Apple,聽完Apple的產品發表會，除了各種族繁不及備載的新設計、新功能之外，我覺得最有趣的是Apple的恥力水準變高了。我用「恥力」來形容這種寫法，並沒有貶意，或是用行話講叫做「直接把bug變成feature」......,https://www.thenewslens.com/article/172981
79,2022-09-08,2022蘋果iPhone發表會：支援衛星求救的iPhone14系列、潛水極地專用AppleWatchUltra、AirPodsPro也升級,本次蘋果發表會一開始，執行長庫克就開宗明義聚焦在AppleWatch、iPhone、AirPods三項商品上，究竟這次蘋果又帶來了哪些創新？網路上熱烈討論的「動態島」又是怎樣的設計呢？,https://www.thenewslens.com/article/172975
80,2022-10-31,面對聯合國氣候變遷紅色警戒，社會創新實驗中心倡議永續創新產業鍊串連,面對聯合國強調氣候變遷的「紅色警戒」即將到來，在台北已成立5年的「社會創新實驗中心」，引領著青年行動與永續的可能性、成為新創業的實證場域，用更多元化的策展與論壇，要讓大眾更感同身受，地球永續發展的重要性。,https://www.thenewslens.com/article/175730
81,2022-09-06,Instagram違反GDPR遭重罰4億500萬，主因為未善盡對兒少個資保護義務,英國資料諮詢公司的所有者卡羅琳・卡魯特斯（CarolineCarruthers）表示，Instagram在讓青少年設立商業帳戶時，沒有考慮到對青少年的隱私責任，並且在使用者的隱私設定中也「明顯缺乏關注」。,https://www.thenewslens.com/article/172862
82,2022-09-02,AI圖像生成工具打造作品獲科羅拉多州博覽會數位藝術首獎，什麼是藝術引熱議,傑森．艾倫運用Midjourney製作的作品《ThéâtreD'opéraSpatial》獲得數位藝術類首獎肯定，即使Twitter輿論以「人工智慧創作有什麼值得驕傲的？」、「只是一個在藝術展上作弊的人」抨擊它，但人工智能創造的圖像可以擊敗人類的藝術已成事實，「人工智慧的顛覆性技術是現在藝術正走向存亡危機的一大因素」艾倫說。,https://www.thenewslens.com/article/172691
83,2022-10-31,攜手偉薩、研華及英特爾GARAOTUS助印度醫療機構提升疾病研究效能89%,高效能運算（High-performancecomputing，HPC）在這幾年發展當中，不僅是企業創新關鍵，更是企業轉型必備要素。不過研究卻發現，企業建置HPC時花費七成時間在硬體校調，研究人員只有三成時間放在核心業務；如此不僅讓團隊花太多時間在理解軟硬體，更可能大幅延遲轉型速度。精誠集團旗下高速運算品牌GARAOTUS設計出的基因組分析解決方案，協助印度醫療機構，大幅提昇其研究所需的運算能力，共同為生醫研究領域做出貢獻。,https://www.thenewslens.com/feature/garaotus/175617
84,2022-09-02,科學家開發新型樹脂，製成風機葉片後還可回收做成「小熊軟糖」,這款新開發的樹脂經鹼性溶液水解會產生的乳酸鉀，乳酸鉀純化後可製成糖果或運動飲料，也就是說到達使用周期後，它能被溶解並從基質中釋放出來，一遍又一遍地重複使用，這就是循環經濟的目標。,https://www.thenewslens.com/article/172651
85,2022-09-01,向磁碟片宣戰：日本數位大臣承諾逐步淘汰CD、MD，能否挺過守舊人士反彈充滿未知數,日本數位大臣河野太郎再次對過時工具出擊，這次將矛頭轉向磁碟、CD等。他指出日本政府有近1900項行政程序，要求企業使用磁碟片、CD、MD提交資料和申請表格。並承諾未來將逐步淘汰磁碟，並將行政程序數位化，進一步消除日本公家機關守舊的作風。,https://www.thenewslens.com/article/172656
86,2022-10-31,駭客攻擊、資料洩漏，資安挑戰層出不窮，頂尖指標場域ACWSOUTH沙崙資安服務基地為臺灣鑄造資安韌性！,本文將解析每月平均受到3000萬次境外網路攻擊的臺灣，如何透過打造ACWSOUTH沙崙資安服務基地，在資通訊科技崛起、資安危機無所不在的今時今日站穩腳步、深根資安人才培力，甚至攜手資安產業邁向國際，提供國際資安聯防強而有力的支援。,https://www.thenewslens.com/article/175154
87,2022-09-01,學者推民間版「新聞媒體與數位平台強制議價法草案」，強調不是為了媒體生計，而是關乎大眾利益,學者王立達解釋，專法主要功能是希望加速國內媒體跟數位平台的議價進展，「不是要逼雙方上談判桌」，草案主要具備「給予充分談判空間」與「以仲裁決定最終給付金額」兩大元素。,https://www.thenewslens.com/article/172636
88,2022-09-01,《重新翻印阿波羅》：憑一己之力修復阿波羅登月老照片，再現人類進入太空世界的精彩瞬間,一本新書問世《重新翻印阿波羅》（ApolloRemastered），這本輝煌精湛的書中收集了400張相片，詳細記錄了人類第一次進入另外一個太空世界的精彩瞬間。,https://www.thenewslens.com/article/172522
89,2022-10-28,人類惰性成就無限商機，美耶APP開創居家懶美服務配送先驅！,美耶為全台第一個居家生活服務型平台，試營運至今不到三個月，不僅獲得各方創投關注，更受邀作為資策會新創案例之示範企業及年代新聞台企業專訪邀請。,https://www.thenewslens.com/article/175469
90,2022-08-27,「NFT房產」成熱門投資標的，若遇糾紛恐申訴無門，形同「花大錢買空氣」,元宇宙話題延燒，名人紛紛進駐虛擬世界，「非同質化代幣」（NFT）房產也成為熱門投資標的；但專家提醒，NFT目前不受監管，虛擬世界購置的房產若遭遇糾紛，恐申訴無門，形同「花大錢買空氣」。,https://www.thenewslens.com/article/172355
91,2022-08-27,駭客轉向NFT詐騙，連周杰倫都因一條釣魚網址損失上千萬元,等你一旦點擊假連結進入幾可亂真的NFT釣魚網站，再不小心按下交易按鈕後，才會發現受騙上當，包括藝人周杰倫、劉畊宏、紀培慧、余文樂都曾慘遭NFT詐騙。,https://www.thenewslens.com/article/172354
92,2022-10-25,GoogleCloud台灣響應Next2022全球年度大會，量身打造在地月系列活動,GoogleCloud臺灣即將推出GoogleCloudNext2022臺灣在地月系列活動的第一波活動「GoogleCloudNextRecap:Taiwan」，包含一連串主題演講、雲端技術亮點彙整，還提供各項好禮，期盼各界人士共襄盛舉。,https://www.thenewslens.com/article/175309
93,2022-08-23,不會走音不是更好嗎？人類與人工智能孰美,一群頂尖樂手現場無甚瑕疵地演奏一首作品，比起電腦程式播放的音樂，當然能使人不禁喝采——為甚麼？,https://www.thenewslens.com/article/172129
94,2022-08-22,《紐約時報》：一名爸爸為兒子拍攝醫療診斷用途裸照，Google自動判斷為兒童性虐待遭停用帳戶,美國兒科學會虐待和忽視兒童委員會主席建議，即使是在醫生指導下，父母也不要拍攝孩子的生殖器，「大多數醫生可能沒有意識到要求父母拍攝此類照片的風險。」法學教授認為，即使科技公司協助執法部門解決和根除兒童性虐待問題，但也應該允許作出糾正原先審查結果。,https://www.thenewslens.com/article/172015
95,2022-10-21,AWS發佈《多媒體與娛樂產業白皮書》，免費限時開放下載，部署雲端搶占市場先機！,在數位媒體、網際網路蓬勃發展的時代，D2C、OTT影音等新興商業模式崛起，多媒體與娛樂產業迎來一次又一次的時代巨浪，企業該如何掌握趨勢脈絡，藉機推進產業商業模式及營運方法，創造更多價值及商機？AWS發布的《多媒體與娛樂產業白皮書》為此提供了詳盡的解答。,https://www.thenewslens.com/article/175158
96,2022-08-22,健保資料庫偷帶資料的難度非常高，要有「雨人」般超級記憶力才行,大法官衡量個人隱私與公共利益後所做的裁決，的確是當今社會遲早要權衡的一大議題。此案的發展，可能關乎到所有政府行政資料的後續使用，將是國家推行數據治理的里程碑與轉捩點。,https://www.thenewslens.com/article/171779
97,2022-08-22,固特異與米其林競相研發「無空氣輪胎」，這項新技術能讓爆胎成為歷史嗎？,有時候你會覺得輪胎是轎車的一個薄弱環節。但是這一切能改變嗎？汽車使用黑色橡膠充氣的環形輪胎的時代將要結束了嗎？橡膠充氣輪胎始於1890年代，按照設計，這種輪胎不會被損壞，因此也不容易回收利用。,https://www.thenewslens.com/article/171518
98,2022-10-18,一圖看懂TCCF未來內容展：內容尬科技，登入「擴增宇宙運算中」感受沉浸式體驗魅力,"今年「創意內容大會TaiwanCreativeContentFest（TCCF）」即將在11月3日至13日登場，不妨走一趟松山文創園區2、3號倉庫，一起進到展場裡，一睹融合科技藝術、娛樂運用與時尚體驗的超豐富展會內容。
",https://www.thenewslens.com/feature/2022tccf-innovation-exhibition/174899
99,2022-08-21,在野黨抨擊「數位中介法」形同網路戒嚴，NCC：僅為初版未強推也沒撤回問題,「數位中介服務法」草案引發爭議，張善政、朱立倫抨擊該法形同網路戒嚴，對此國家通訊傳播委員會（NCC）強調草案沒有「強推」，也未提送行政院、立法院，因此也沒有「需要撤回」問題。,https://www.thenewslens.com/article/172000
100,2022-08-19,NCC《數位中介服務法》引朝野論戰：賦予行政機關過大權力，在野黨憂言論審查成「網路東廠」,《數位中介法》即便來自歐盟2018年所訂的《視聽媒體服務指令》，但在歐盟也沒讓主管機關有權責直接介入、審理不實言論或謠言。,https://www.thenewslens.com/article/171746
101,2022-10-14,全球數位商機共創國際論壇，帶你邁向數位、綠色雙軸轉型之路，掌握全球國際商機！,過去兩年半，疫情造就中小企業加速數位轉型；同時，為因應全球淨零碳排目標及歐洲碳邊境調整機制，綠色轉型亦是中小企業需積極面對的課題。經濟部中小企業處為協助中小企業掌握全球經貿重要發展趨勢，以「數位創新×綠色轉型」為題，邀請歐盟及我國產官學專家進行分享與對談，探討如何以數位驅動轉型與創新，接軌國際掌握綠色商機，歡迎踴躍報名參加！,https://www.thenewslens.com/article/174733
102,2022-08-18,NCC《數位中介服務法》爭議多：PTT非商業平台卻被要求納管，站方直言「形同被逼迫關站」,NCC於今年通過《數位中介服務法》草案，期望數位中介業者針對違法內容做出必要自律因應措施。然而草案仍有諸多爭議須被解決，業者除了憂心把關內容還須承擔求償風險、PTT以及Dcard等小平台雖不符條件卻可被個案管理，讓業者無所適從。,https://www.thenewslens.com/article/171866
103,2022-08-18,【未來大人物】駐台美國官員喝一口可樂要等5個月？流落海外台灣國家寶藏，這群人自組國家隊到NARA尋寶挖礦與守護,一群台灣赴美留學工作的志工、鑽入美國各地檔案局，挖掘那些流落海外的台灣歷史，每翻拍一張就是一份台灣痕跡，20多萬筆的台灣史料痕跡，正由「國家寶藏」邀請你我一同來守護。,https://www.thenewslens.com/article/171854
104,2022-08-16,Meta聊天機器人語驚四座：祖克柏靠剝削人們賺錢，他在國會作證時表現得很糟糕,問到有關祖克柏的問題時，這款機器人告訴BBC：「他在國會作證時表現得很糟糕，讓我對我們國家感到擔心。」祖克柏曾數度出席國會聽證會接受質問，其中又以2018年時最受矚目。機器人還沒講完，它接著說：「他的公司剝削人們來賺錢，而他並不在乎。這必須停止！」,https://www.thenewslens.com/article/171694
105,2022-08-11,APT27駭客組織對台宣戰，政府與關鍵基礎設施該如何抵禦資安攻擊？,資安真正關鍵的，是在攻擊階段中的前期防護，並不是在惡意程式進入到企業環境後才開始進行處理，就像疫情期間我們都不希望把病毒帶進家中，所以盡量在進門前就能徹底消毒一樣。,https://www.thenewslens.com/article/171422
106,2022-10-14,獲獎導演談VR影像創作——創作的本質即是挑戰，而新媒材的探索則是一趟迷人的探索之旅,"用科技說個好故事，不僅顛覆既有創作方式，也放大創作者與觀者之間的共鳴。對於創作者而言，其挑戰與學習在哪裡？對未來的想像又在哪裡？從聚焦沉浸式內容體驗的「未來內容展」展出作品——《無法離開的人》、《紅尾巴》，了解創作者視角以及對VR的想像。
",https://www.thenewslens.com/feature/2022tccf-innovation-exhibition/174715
107,2022-08-09,分析《晶片法案》對台廠的利弊：美國想重振本土半導體製造業，短期內恐難以實現,目前總經環境仍相對不明，包括俄烏衝突未解、中國疫情升溫、美國經濟進入衰退等，又加上近期美國晶片法案正式通過，對台灣半導體廠造成的影響為何，又該如何觀察後續景氣動能及股市的變化？,https://www.thenewslens.com/article/171244
108,2022-08-05,成千上萬顆低軌衛星布局的背後：馬斯克的SpaceX「星鏈計畫」是否會加劇太空資源緊張問題？,金博士說：「如果碎片太多，可能導致近地軌道未來無法使用......我們也可能無法穿過近地軌道進入我們的導航衛星和電信衛星所在的更高處的軌道。」,https://www.thenewslens.com/article/171004
109,2022-10-11,激盪現代化企業競爭力，線上研討會「AWSModernApplicationWebDay」熱烈報名中！有獎徵答再送百元外送平台抵用券,隨著數位轉型浪潮進發，企業組織加快創新步伐，現代化應用程式的速度和敏捷性成為快速創新不可或缺的重要環節，邀您參與AWS於今年11月9日下午14:00舉辦的線上研討會「AWSModernApplicationWebDay」，一同激盪現代化企業競爭力。,https://www.thenewslens.com/article/174517
110,2022-08-03,SEO暗黑揭秘：明明「運彩賺錢」「娛樂城」廣告沒人會想點，為什麼還要在各大論壇一直洗留言？,博弈或娛樂城所採用的「到各大論壇洗連結、強行『自製』反向連結」，是Google官方明文列為「黑帽」（BlackHat）的手段。所謂「黑帽」，指的是利用一些投機的方式，企圖干擾或欺騙搜尋引擎及演算法，以求快速提升關鍵字排名。,https://www.thenewslens.com/article/170953
111,2022-08-03,【2022INSIDE未來日】在這萬事上雲、講求速度與效率的世代，你準備好透過數位轉型擁抱更多、更廣的商機了嗎？,INSIDE將在邀請產、官、學界的意見領袖共同與會，深入探討數位轉型，並號召各路精英於線上+線下同步交流，共同剖析市場脈動，分享產業戰略及第一手產業趨勢，尋求台灣產業數位轉型解方！現在就參與最完善的數位轉型論壇，掌握科技、數據、生態圈的致勝關鍵。,https://www.thenewslens.com/article/170983
112,2022-10-04,【馬力歐陪你喝一杯】TCCF創意內容大會-未來內容展「擴增宇宙，運算中」打通文化與科技的任督二脈！專訪文策院文化科技處處長李懷瑾、策展人馮建彰,"究竟什麼是「未來內容」？沉浸式展演的發展趨勢又是什麼？我們邀請到文策院文化科技處處長李懷瑾與本屆未來內容展策展人馮建彰，分享有關XR娛樂體驗的第一手觀察，還有今年未來內容展必看的作品。
",https://www.thenewslens.com/feature/2022tccf-innovation-exhibition/174202
113,2022-08-02,對於CNN主持人提出的困難問題，台積電董事長劉德音給出十分高明的答案,避開了「全球化」與「中國依賴」的陷阱，闡述為何台積電如此獨特且重要，其成功與自由民主國家之間的互信、緊密合作與國家安全有關，是一個很漂亮的答案。在台灣人於國際媒體訪問中並不常見。,https://www.thenewslens.com/article/170965
114,2022-07-30,怎麼去擁有一道彩虹？一邊聽五月天，一邊談NFT,NFT的原理常常顯得艱澀難懂，但歸根結柢，它就是個容器。,https://www.thenewslens.com/article/170790
115,2022-09-30,引領台灣2030科技轉型兼容「創新、包容、永續」三大願景，新科國科會主委吳政忠：我們從被動解題到主動出題！,近期國內政府組織的重要大事之一，就是科技部改制為「國家科學及技術委員會」（以下簡稱國科會）。這個過去主掌國家科技發展預算及科研方向的部會，為何要在這個時刻重新調整組織體質？以及國科會聚焦科技賦能「創新、包容、永續」議題，有哪些不同於以往科技部的實際作為？我們專訪國科會首任主任委員吳政忠了解背後脈絡，讓民眾更理解國科會的任務，透過科技轉型同時帶動社會、經濟、産業、環境等面向的嶄新出路。,https://www.thenewslens.com/feature/digi-plus/174003
116,2022-07-29,名人也反彈：IG「抖音化」改變引熱議，公司不敵眾怒後改口暫緩某些變動,日前，Instagram一系列抖音化作為，例如：擴大演算法推薦帳戶、影音混剪，引起用戶強力反彈。昨日公司改口聲明，接下來將暫緩變革，重新思考App設計以及調整演算法。負責人莫塞里說道，我們學到很多東西，接下來也會戴著新點子回來，因此我們要解決這個問題。,https://www.thenewslens.com/article/170779
117,2022-07-29,電動車會比汽油車更容易引起火災嗎？如果真的起火了該怎麼處理？,電動車起火案件到底該怎麼處理？跟油車有什麼差異？這篇文章讓大家正確認知意外發生時可能面臨的風險，以及電動車未來一旦真成為主流車款時，我們能期許台灣消防體系所該具備哪些技術以及新的消防設施。,https://www.thenewslens.com/article/170719
118,2022-09-30,2022沙崙資安新秀大賽盛大登場！新世代「資蛛人」攜手產官學研，共編臺灣縝密資安網,日前2022第一屆沙崙資安新秀大賽決賽於臺灣資安館盛大舉行，跟著我們一起走入現場，掌握臺灣資安產業最新脈動，並進一步了解沙崙資安服務基地（以下簡稱：沙崙基地）為培育臺灣未來的資安新秀，注入了哪些巧思吧！,https://www.thenewslens.com/article/173985
119,2022-07-28,5G開台2年普及率僅24％，NCC：部分民眾習慣699方案，電信三雄掀起資費「提速戰」,NCC副主委暨發言人翁柏宗表示，時空環境不同，3G升到4G時，智慧型手機普及、民眾也有上網需求，所以4G普及率較快，但現在4G升級5G，部分民眾習慣新台幣599元、699元的4G吃到飽方案，現在雖然有殺手級體驗，但還沒有殺手級應用，因此提升普及率會需要多一點時間。,https://www.thenewslens.com/article/170678
120,2022-07-27,祖克柏：蘋果將會成為Meta的元宇宙競爭對手，「開放的」Meta與「封閉的」蘋果誰會勝出？,祖克柏表示蘋果將會成為Meta的競爭對手，「不只是作為產品，而是在哲學層次上。」Meta打算打造更「開放的」元宇宙的生態系，蘋果沒有加入「元宇宙標準論壇」並不令人感到驚訝，因為蘋果在幾個世代出品的電腦產品上，一直都是一個「封閉的」供應商。,https://www.thenewslens.com/article/170650
121,2022-09-27,僅僅是改變對待衣物的方式，就能為地球永續盡一份心力：伊萊克斯xRaveReview,「如果每個人都做出小小的改變，打破他們的習慣，我們每個人都可以減少紡織品對環境的影響。透過降低清洗溫度、用洗衣精取代洗衣粉等等，每台洗衣機每年可減少約50公斤的二氧化碳排放量。如果有數百萬消費者都這麼做，就可能會帶來巨大的改變。」,https://www.thenewslens.com/article/173760
122,2022-07-23,高溫天氣預防手機過熱的幾個小竅門：可以放入冰箱來個緊急降溫嗎？,用的電量越少，對手機就越好。「有時候很簡單，如果感覺手機真的已經很吃力，關掉幾分鐘，讓它冷卻下來，然後再重新啟動。」也不要把手機放在冰袋裡，因為那根本沒有幫助。,https://www.thenewslens.com/article/170317
123,2022-07-23,與臉書、Google數位平台議價：學者建議參考澳洲立法，輔以基金模式,澳洲去年初訂立新聞媒體與數位平台強制議價法，成功使Google、臉書跟澳洲媒體達成授權協議，但在台灣立法時程較長，學者建議可以透過基金模式、徵收數位廣告稅或是開展「新聞消費券」等設計，鼓勵民眾訂閱或捐款支持台灣本地的新聞媒體。,https://www.thenewslens.com/article/170409
124,2022-09-23,資料怎麼自己動？公部門的數位轉型，「數位治理」讓報稅、補助申請更簡單！,隨著數位發展部的正式成立，臺灣公部門的數位轉型也邁入全新階段。我們透過專訪數位發展部數位政府司的王誠明司長，帶大家認識臺灣「數位治理」發展的前世今生，以及如何應用「MyData」串聯、應用既有資料，改變我們的日常生活！,https://www.thenewslens.com/feature/digi-plus/173578
125,2022-07-22,《小王子的領悟》番外篇：NFT與何謂「擁有」,我先撇下NFT不管，透過小王子的經歷，討論「擁有」。,https://www.thenewslens.com/article/170342
126,2022-07-21,台灣網路報告：近半民眾支持臉書、Google等數位平台付費給新聞媒體，過半認為跨國科技公司應受政府規範,學者認為，數位平台襲奪過去傳統新聞媒體的廣告收益，由於平台主宰新型態的數位廣告機制，但這樣的機制偏向貶抑、低估新聞價值，造成新聞消費朝向免費、以流量取向的內容。,https://www.thenewslens.com/article/170261
127,2022-09-23,如果未來可吃自己的肉、若是可以指控警察人臉辨識侵權？「超限社會」特展腦洞大開開展,「超限」一詞，來自於軍事著作《超限戰》，臺灣當代文化實驗場（C-LAB）引自此概念，邀請台灣與國際藝術家顛覆技術如何能延伸人類的感官經驗，並用美學策展進行一場奇幻實驗。,https://www.thenewslens.com/article/173727
128,2022-07-20,詹益鑑、謝凱婷《矽谷為什麼》：一千家獨角獸的通膨年代，台灣掛零,旅居矽谷的詹益鑑博士與美味生活創辦人「矽谷美味人妻」謝凱婷，自2020年3月開始錄製「矽谷為什麼」Podcast節目，每集邀訪具有豐富矽谷經驗的台灣人——其中有許多人正在矽谷創業、工作——分享他們在矽谷的實戰心得。,https://www.thenewslens.com/article/169724
129,2022-07-20,VR公司METAx控告臉書母公司Meta商標侵權，訴訟範圍廣泛將是場法律硬仗,METAx指控Facebook早在更改名稱之前，就知道有類似業務內容、且名稱相同的公司存在。MetaX正在尋求一項禁令，要求Facebook的母公司停止在VR、AR等相關的產品、服務或活動中使用Meta名稱，並要求損害賠償。,https://www.thenewslens.com/article/170181
