,vocab,pos,def
0,a,冠詞,一個;一種
1,a few,片語,一些
2,a little,片語,一點點
3,a lot,片語,很多
4,A.M.,副詞,上午
5,able,形容詞,能;有能力的
6,about,副詞,在四周;在附近;大約
6,about,介系詞,大約;關於
7,above,形容詞,"上文的,前述的"
7,above,副詞,在上面;在上文;更高
7,above,介系詞,在…之上
8,abroad,副詞,在國外
9,across,副詞,橫過;寬;在對面;向對面
9,across,介系詞,橫越;穿過
10,act,動詞,扮演
10,act,名詞,"行動,法案"
11,action,名詞,動作
12,actor,名詞,男演員
13,actress,名詞,女演員
14,afraid,形容詞,害怕
15,after,副詞,"以後,之後;在後面,隨後"
15,after,介系詞,在…之後
15,after,連接詞,在...之後
16,afternoon,名詞,下午;午後
17,again,副詞,再一次
18,age,動詞,使變老;使(酒之)味道變醇;使成熟
18,age,名詞,年齡
19,ago,副詞,以前
20,agree,動詞,同意
21,ahead,副詞,在前;向前;預先;事前
22,air,名詞,空氣
23,airplane,名詞,飛機
24,airport,名詞,飛機場
25,all,形容詞,所有的;全部
25,all,副詞,完全地;(比分等)雙方相等
25,all,名詞,"全體,一切;全部財產"
25,all,代名詞,一切
26,allow,動詞,允許
27,almost,副詞,幾乎
28,along,副詞,向前;一起;帶著;來到;去到
28,along,介系詞,沿著
29,already,副詞,已經
30,also,副詞,也
31,although,連接詞,雖然
32,always,副詞,總是
33,am,動詞,"是,在"
33,am,動詞," be 動詞第一人稱,單數,現在式"
34,America,名詞,美國;美洲
35,American,形容詞,美國的;美洲的
35,American,名詞,美國人
36,an,冠詞,一個;一種
37,and,連接詞,和；及；而；就
38,angle,名詞,"角,邊角；角度；觀點,立場"
39,angry,形容詞,生氣的
40,animal,名詞,動物
41,another,形容詞,另一個
41,another,代名詞,另一個
42,answer,動詞,回答
42,answer,名詞,答案
43,ant,名詞,螞蟻
44,any,形容詞,任何的
44,any,副詞,"(用於疑問句,否定句,if子句中)少許,稍微"
44,any,代名詞,任何一個
45,anybody,代名詞,任何人
46,anyone,代名詞,任何人
47,anything,代名詞,任何事物
48,apartment,名詞,公寓
49,appear,動詞,出現
50,apple,名詞,蘋果
51,April,名詞,四月
52,are,動詞,"是,在"
52,are,動詞," be 動詞第一、第三人稱, 複數, 現在式"
52,are,動詞,"第二人稱，單、複數, 現在式"
53,area,名詞,地區;面積
54,arm,動詞,"用武器裝備;提供,配備"
54,arm,武裝起來,
54,arm,名詞,手臂;（衣服）袖子；（椅子的）扶手，靠手
55,around,副詞,"到處,四處;周圍,附近;環繞;大約"
55,around,介系詞,差不多;環繞
56,arrive,動詞,到達
57,art,名詞,藝術
58,as,副詞,"跟...一樣地,同樣地;如同;例如"
58,as,介系詞,以…的身份；作為
58,as,連接詞,依照;當...時
58,as,代名詞,"與...相同的事物(或人);本情況,該事實"
59,ask,動詞,問
60,at,介系詞,在
61,attack,動詞,進攻;襲擊
61,attack,名詞,攻擊
62,August,名詞,八月
63,aunt,名詞,姨媽;姑媽
64,autumn,名詞,秋天;秋季
65,away,形容詞,不在的
65,away,副詞,離開
66,baby,名詞,嬰兒
67,back,形容詞,後面的;拖欠的;過去的
67,back,動詞,向後;追溯;回覆;贊助
67,back,副詞,回原處
67,back,名詞,背部;後面
68,bad,形容詞,壞的
69,badminton,名詞,羽毛球
70,bag,名詞,袋子
71,bake,動詞,烘;烤
72,bakery,名詞,麵包店
73,balcony,名詞,陽臺
74,banana,名詞,香蕉
75,band,名詞,樂團;樂隊
76,bank,動詞,存(款)於銀行;築堤防護;堆積
76,bank,名詞,銀行;堤;岸
77,baseball,名詞,棒球
78,basket,名詞,籃子
79,basketball,名詞,籃球
80,bat,動詞,用球棒擊（球）;眨(眼)
80,bat,名詞,球棒;蝙蝠
81,bath,名詞,洗澡
82,bathroom,名詞,廁所;浴室
83,be,動詞,是;要;有;在
83,be,助動詞,"正在...,被…"
84,beach,動詞,將(船等)拖上岸
84,beach,名詞,海灘
85,bean,名詞,豆莢;豆子
86,bear,動詞,承受
86,bear,名詞,熊
87,beautiful,形容詞,漂亮的
88,because,連接詞,因為
89,become,動詞,變成
90,bed,名詞,床
91,bedroom,名詞,臥房
92,bee,名詞,蜜蜂
93,beef,名詞,牛肉
94,before,副詞,較早;以前;曾經;在前;向前
94,before,介系詞,在…之前
94,before,連接詞,"在...以前;與其...寧可;否則,要不然"
95,begin,動詞,開始
96,behind,副詞,在背後;向背後;遲;落後
96,behind,介系詞,在…後面
97,believe,動詞,相信
98,bell,名詞,鈴;鐘
99,belong,動詞,屬於
100,below,副詞,在下面;到下面
100,below,介系詞,在…之下
101,belt,動詞,用皮帶抽打;環繞;猛擊
101,belt,名詞,腰帶
102,bench,名詞,長凳;長椅
103,beside,介系詞,在...旁側
104,between,副詞,在中間;介乎兩者之間
104,between,介系詞,在…和…之間
105,bicycle,名詞,腳踏車
106,big,形容詞,大的
107,bike,動詞,騎腳踏車
107,bike,名詞,腳踏車
108,bird,名詞,鳥
109,birthday,名詞,生日
110,bite,動詞,咬
110,bite,名詞,"咬,叮"
111,black,形容詞,黑色的
111,black,名詞,黑色;美國黑人
112,blackboard,名詞,黑板
113,blank,形容詞,"空白的;空的,無內容的;茫然的"
113,blank,名詞,空白
114,blanket,動詞,(似)用毯覆蓋;掩蓋
114,blanket,名詞,毯子
115,blind,形容詞,瞎的
115,blind,動詞,"使看不見,使失明;使失去理智"
116,block,動詞,阻塞
116,block,名詞,街區
117,blow,動詞,吹
117,blow,名詞,"吹動,吹氣;強風;吹牛"
118,blue,形容詞,藍色的
118,blue,名詞,藍色
119,boat,名詞,小船
120,body,名詞,身體
121,boil,動詞,(水等)沸騰
121,boil,名詞,沸騰;煮沸
122,book,動詞,預訂;預雇;預約;登記
122,book,名詞,書本
123,bookstore,名詞,書店
124,bored,形容詞,感到無聊的；感到厭煩的
125,boring,形容詞,乏味的
126,born,形容詞,出生的;誕生的
127,borrow,動詞,借
128,boss,動詞,指揮;作威作福
128,boss,名詞,老闆
129,both,形容詞,兩者
129,both,副詞,並;又;兩者皆
129,both,代名詞,兩者(都)
130,bottle,動詞,"把...裝入瓶中;約束,抑制(感情);隱藏"
130,bottle,名詞,瓶子
131,bottom,形容詞,"最低的;最後的,最下的"
131,bottom,動詞,"基於,根據;到達底部;降至最低點"
131,bottom,名詞,底部;屁股
132,bow,動詞,鞠躬
132,bow,名詞,弓；鞠躬；蝴蝶結
133,bowl,名詞,碗
134,box,動詞,把...裝箱(或盒等)
134,box,名詞,箱;盒;匣
135,boy,名詞,男孩
136,brave,形容詞,勇敢的
137,bread,名詞,麵包
138,break,動詞,斷裂;中斷;打破（記錄）
138,break,名詞,暫停
139,breakfast,動詞,吃早餐
139,breakfast,動詞,為...供應早餐
139,breakfast,名詞,早餐
140,bridge,動詞,架橋於;把...連結(或彌合)起來
140,bridge,名詞,橋
141,bright,形容詞,光亮的
141,bright,副詞,明亮地;歡快地
142,bring,動詞,帶來
143,brother,名詞,兄;弟
144,brown,形容詞,褐色的;棕色的
144,brown,動詞,變成褐色(或棕色)
144,brown,名詞,棕色
145,brush,動詞,刷
145,brush,名詞,刷子
146,bug,動詞,在...安裝竊聽器;煩擾;激怒
146,bug,名詞,小蟲
147,build,動詞,建造;蓋
148,bun,名詞,小圓麵包
149,burger,名詞,漢堡牛肉餅
150,burn,動詞,燒;燙傷
150,burn,名詞,灼傷
151,bus,動詞,用公車運送
151,bus,名詞,公車
152,business,名詞,商業;事
153,businessman,名詞,商人
154,busy,形容詞,忙碌的
154,busy,動詞,使忙於
155,but,副詞,"只,僅僅,才;絕對地"
155,but,介系詞,除...以外
155,but,連接詞,但是
156,butter,動詞,塗奶油於;以花言巧語討好
156,butter,名詞,奶油
157,butterfly,名詞,蝴蝶
158,button,動詞,扣鈕扣
158,button,名詞,鈕扣
159,buy,動詞,買
159,buy,名詞,購買;（買賣）合算
160,by,副詞,經過;過去;在旁邊
160,by,介系詞,經由
161,bye,感歎詞,再見;再會
161,bye,名詞,次要的東西;(體育比賽中)輪空
162,cake,名詞,蛋糕
163,call,動詞,喊;打電話;稱呼
163,call,名詞,呼叫;請求;通話;(紙牌)叫牌;判決
164,camera,名詞,照相機
165,camp,動詞,露營
165,camp,名詞,營地
166,can,動詞,將（食物、飲料）裝罐
166,can,助動詞,"能,會;可能;可以;必須"
166,can,名詞,罐頭
167,candle,名詞,蠟燭
168,candy,名詞,糖果
169,cap,動詞,給...戴帽;加蓋於
169,cap,名詞,無邊便帽;蓋子
170,car,名詞,汽車
171,card,名詞,卡片
172,care,動詞,關心;照顧
172,care,名詞,看護;保護;照料;管理;關懷;小心
173,careful,形容詞,小心的
174,carry,動詞,提;搬運
175,case,動詞,把...裝入箱(或容器)中
175,case,名詞,盒子;案件
176,castle,名詞,城堡
177,cat,名詞,貓
178,catch,動詞,接(球);捕獲
178,catch,名詞,"抓住,捕捉;接球;把手;圈套"
179,celebrate,動詞,慶祝
180,cellphone,名詞,"手機,大哥大"
181,cent,名詞,分(錢幣)
182,center,動詞,集中;居中
182,center,名詞,中心(點)
183,centimeter,名詞,公分
184,chair,動詞,主持(會議);任(會議的)主席
184,chair,名詞,椅子
185,chalk,動詞,使變白;畫出...的草圖;規劃;記下
185,chalk,名詞,粉筆
186,chance,動詞,冒...的險;賭(錢)
186,chance,動詞,碰巧
186,chance,名詞,機會
187,change,動詞,改變;更改
187,change,名詞,零錢
188,cheap,形容詞,便宜的
188,cheap,副詞,便宜地;卑鄙地
189,cheat,動詞,欺騙;作弊
189,cheat,名詞,"騙子;欺詐,欺騙,作弊"
190,check,動詞,檢查
190,check,名詞,支票;買單
191,cheer,動詞,向...歡呼
191,cheer,名詞,喝采;鼓勵
192,cheese,名詞,起司;乳酪
193,chicken,名詞,雞;雞肉
194,child,名詞,小孩
195,China,名詞,中國
196,Chinese,形容詞,中國的;中國人的
196,Chinese,名詞,中文;中國人
197,chocolate,名詞,巧克力
198,choice,形容詞,"上等的,精選的;挑三揀四的"
198,choice,名詞,選擇
199,choose,動詞,選擇;挑選
200,chopsticks,名詞,筷子
201,Christmas,名詞,耶誕節
202,church,名詞,教堂
203,circle,動詞,畫圓圈;圈出;盤旋;流傳
203,circle,名詞,圓圈;集團
204,city,名詞,都市
205,clap,動詞,拍(手);鼓(掌)
205,clap,名詞,拍手喝采(聲);霹靂聲;輕拍
206,class,動詞,把...分類;把...分等級
206,class,名詞,階級;班級;上課
207,classmate,名詞,同班同學
208,classroom,名詞,教室
209,clean,形容詞,乾淨的
209,clean,動詞,打掃
209,clean,副詞,"完全地,全然地;乾淨地"
209,clean,名詞,打掃;去垢
210,clear,形容詞,清楚的;晴朗的
210,clear,動詞,使乾淨;收拾;交換票據
210,clear,副詞,"清晰地,明瞭地"
211,clerk,名詞,店員;辦事員;職員
212,climb,動詞,爬;攀登
212,climb,名詞,"攀登,攀爬"
213,clock,名詞,鐘
214,close,形容詞,近的;密切的
214,close,動詞,關上
214,close,副詞,"接近,靠近地;緊密地,緊緊地"
214,close,名詞,"結束,終止;(金融)收盤價"
215,cloud,動詞,陰雲密佈;變暗;變模糊;變混濁
215,cloud,名詞,雲
216,cloudy,形容詞,多雲的;陰天的
217,club,動詞,募集;捐獻;集資;聯合起來
217,club,名詞,俱樂部;夜總會;社團
218,coat,動詞,塗在...上;給...穿上外套
218,coat,名詞,外套
219,coffee,名詞,咖啡
220,cold,形容詞,寒冷的
220,cold,名詞,感冒
221,collect,動詞,收集
222,color,動詞,著色;渲染;文飾;歪曲;影響
222,color,名詞,顏色
223,comb,動詞,用梳子梳理
223,comb,名詞,梳子
224,come,動詞,到來
225,comfortable,形容詞,舒適的
226,comic,形容詞,滑稽的；有趣的
226,comic,名詞,漫畫雜誌；喜劇演員
227,common,形容詞,常見的;尋常的;普遍的
227,common,名詞,有相同（興趣、經歷）
227,common,名詞,"公共用地,公有地"
228,computer,名詞,電腦
229,convenient,形容詞,方便的
230,cook,動詞,煮
230,cook,名詞,廚師
231,cookie,名詞,餅乾
232,cool,形容詞,涼快的;很棒的;酷
232,cool,動詞,使涼快;使冷卻
232,cool,名詞,涼爽
233,copy,動詞,拷貝;抄襲
233,copy,名詞,拷貝;副本
234,corner,名詞,角落
235,correct,形容詞,正確的
235,correct,動詞,改正;糾正
236,cost,動詞,花費
236,cost,名詞,費用;成本
237,couch,動詞,使躺下;表達;蹲著;埋伏
237,couch,名詞,長沙發
238,count,動詞,計算;數
238,count,名詞,計數;計算
239,country,名詞,國家;鄉下
240,course,動詞,奔流；奔湧；(用獵犬)追獵;追逐
240,course,名詞,課程;科目
241,cousin,名詞,表(堂)兄弟姊妹
242,cover,動詞,蓋住
242,cover,名詞,封面
243,cow,名詞,母牛
244,crazy,形容詞,古怪的;著迷的
245,cross,動詞,越過;渡過
245,cross,名詞,十字架
246,cry,動詞,哭叫
246,cry,名詞,叫喊;呼叫;(一陣)哭
247,cup,動詞,使(手掌)成杯狀;把...放入杯內
247,cup,名詞,杯子
248,cut,動詞,切割;剪
248,cut,名詞,傷口;刻痕;削減;近路;曠課
249,cute,形容詞,可愛的
250,dad,名詞,父親
251,daddy,名詞,父親
252,dance,動詞,跳舞
252,dance,名詞,舞會
253,dangerous,形容詞,危險的
254,dark,形容詞,黑暗的
254,dark,名詞,"黑暗,暗處;曖昧;隱晦"
255,date,動詞,約會
255,date,名詞,日期
256,daughter,名詞,女兒
257,day,名詞,白天;日
258,dead,形容詞,死的
259,deal,動詞,處理;對付;對待[(+with)]
259,deal,名詞,交易
260,dear,形容詞,親愛的
260,dear,副詞,"疼愛地;高價地,昂貴地"
260,dear,感歎詞,哎呀
260,dear,名詞,(常作稱呼)親愛的(人)
261,death,名詞,死亡
262,December,名詞,十二月
263,decide,動詞,決定
264,deep,形容詞,深的
264,deep,副詞,深深地
265,define,動詞,"解釋,給...下定義"
266,delicious,形容詞,好吃的
267,dentist,名詞,牙醫
268,department store,名詞,百貨公司
269,desk,名詞,書桌
270,dictionary,名詞,字典
271,die,動詞,死
271,die,名詞,骰子
272,different,形容詞,不同的
273,difficult,形容詞,困難的
274,dig,動詞,挖掘
274,dig,名詞,"刺,戳,碰;挖苦"
275,dining room,名詞,飯廳
276,dinner,名詞,晚餐
277,dirty,形容詞,骯髒的
277,dirty,動詞,弄髒
277,dirty,動詞,變髒
278,dish,動詞,盛...於盤中
278,dish,名詞,盤子;一盤菜
279,do,動詞,做
279,do,助動詞,"構成否定句,疑問句,或強調句"
280,doctor,名詞,醫生
281,dog,名詞,狗
282,doll,名詞,洋娃娃
283,dollar,名詞,美元
284,door,名詞,門
285,dot,動詞,點綴
285,dot,動詞,"打點,加點"
285,dot,名詞,點;小圓點
286,down,形容詞,"情緒低落,消沈;(分期付款的)第一期的"
286,down,動詞,擊倒
286,down,副詞,"向下;下降;(境況)變差;減少,減弱"
286,down,介系詞,向下
286,down,名詞,下降;蕭條;絨毛;有草丘陵地
287,download,動詞,（尤指從網際網路）下載
287,download,名詞,"下載,下載資訊"
288,dozen,名詞,一打
289,Dr.,縮寫,醫生
290,draw,動詞,畫;繪製;描寫
290,draw,名詞,平局;平手
291,drawer,名詞,抽屜
292,dream,動詞,做(夢);想像
292,dream,名詞,夢
293,dress,動詞,穿著
293,dress,名詞,洋裝
294,drink,動詞,喝
294,drink,名詞,飲料
295,drive,動詞,開車
295,drive,名詞,兜風;車程;幹勁;比賽
296,driver,名詞,司機
297,drop,動詞,(使)滴落;丟下
297,drop,名詞,(一)滴;點滴;空投;點藥水
298,drum,動詞,打鼓;咚咚地敲
298,drum,名詞,鼓
299,dry,形容詞,乾的
299,dry,動詞,曬乾;風乾
300,duck,動詞,躲避;迴避
300,duck,名詞,鴨
301,during,介系詞,在…期間
302,each,形容詞,每個
302,each,副詞,各個(地);各自(地);每一個
302,each,代名詞,各個
303,ear,名詞,耳朵
304,early,形容詞,早的;提早的
304,early,副詞,早;提早
305,earth,名詞,地球;土地
306,earthquake,名詞,地震
307,east,形容詞,東方的
307,east,副詞,向東方
307,east,名詞,東方
308,Easter,名詞,復活節
309,easy,形容詞,容易的
310,eat,動詞,吃
311,egg,名詞,蛋
312,eight,形容詞,八的
312,eight,名詞,八
313,eighteen,形容詞,十八的
313,eighteen,名詞,十八
314,eighty,形容詞,八十的
314,eighty,名詞,八十
315,either,形容詞,兩者之一
315,either,副詞,也
315,either,連接詞,或者(和or連用)
315,either,代名詞,(兩者之中)任何一個
316,elementary school,名詞,小學
317,elephant,名詞,大象
318,eleven,形容詞,十一的
318,eleven,名詞,十一
319,else,形容詞,其他的
319,else,副詞,"其他,另外;否則,要不然"
320,e-mail,動詞,傳送電子郵件
320,e-mail,名詞,電子郵件
321,end,動詞,結束
321,end,名詞,盡頭;結局
322,engineer,名詞,工程師
323,English,形容詞,英格蘭的;英國的;英國人的;英語的
323,English,名詞,英語
324,enjoy,動詞,喜歡;享受
325,enough,形容詞,足夠的
325,enough,副詞,"足夠地;充分地;很,十分"
325,enough,名詞,"足夠,充分"
325,enough,代名詞,足夠的數量
326,enter,動詞,輸入;進入
327,envelope,名詞,信封
328,eraser,名詞,橡皮擦
329,error,名詞,錯誤
330,eve,名詞,前夕
331,even,形容詞,均勻的;偶數的;平手的
331,even,動詞,使平坦;弄平;使相等
331,even,副詞,即使
332,ever,副詞,從來;曾經
333,every,形容詞,每一個的
334,everybody,代名詞,每個人
335,everyone,代名詞,每個人
336,everything,代名詞,每樣事物;重於一切
337,example,名詞,例子
338,excellent,形容詞,非常好的
339,except,動詞,把...除外;反對
339,except,介系詞,除…之外
339,except,連接詞,除了;要不是;但是
340,excited,形容詞,感到興奮的
341,exciting,形容詞,令人興奮的
342,excuse,動詞,原諒;借光
342,excuse,名詞,藉口
343,exercise,動詞,"鍛鍊;操練;練習;運用,行使"
343,exercise,名詞,運動;習題
344,expect,動詞,期待
345,expensive,形容詞,貴的
346,experience,動詞,經歷;感受到
346,experience,名詞,經驗
347,explain,動詞,解釋
348,eye,動詞,看;注視;審視
348,eye,名詞,眼睛
349,face,動詞,面向;正對;正視;朝;向
349,face,名詞,臉
350,fact,名詞,事實
351,factory,名詞,工廠
352,fail,動詞,失敗;不及格
352,fail,名詞,不及格
353,fall,動詞,掉下
353,fall,名詞,秋天;秋季
354,FALSE,形容詞,假的
355,family,名詞,家庭
356,famous,形容詞,著名的
357,fan,動詞,扇;煽動;激起
357,fan,名詞,電風扇;迷友;熱烈崇拜者
358,far,形容詞,遠的
358,far,副詞,遠;遙遠地;久遠地
359,farm,動詞,耕作;養殖;經營農場;從事畜牧業
359,farm,名詞,農場
360,farmer,名詞,農夫
361,fast,形容詞,快的
361,fast,副詞,"快,迅速;緊緊地,牢固地;接近著"
362,fat,形容詞,胖的
362,fat,名詞,"(動,植物)脂肪;油脂"
363,father,動詞,做...的父親
363,father,動詞,創始;創立
363,father,名詞,父親
364,favorite,形容詞,最喜愛的
364,favorite,名詞,特別喜愛的人(或物)
365,February,名詞,二月
366,feed,動詞,吃;餵養
366,feed,名詞,(動物或嬰兒的)一餐;飼料
367,feel,動詞,感覺
367,feel,名詞,"觸覺;手感;觸,摸;感覺,氣氛"
368,festival,名詞,節日
369,fever,名詞,發燒
370,few,形容詞,少數的;一些
370,few,代名詞,(與a或the連用)一些
371,fifteen,形容詞,十五的
371,fifteen,名詞,十五
372,fifty,形容詞,五十的
372,fifty,名詞,五十
373,fight,動詞,打架;作戰
373,fight,名詞,打架;戰鬥
374,file,動詞,把...歸檔
374,file,名詞,"檔案,案卷"
375,fill,動詞,充滿;填充
375,fill,名詞,填滿的量;裝填物
376,find,動詞,找到
376,find,名詞,發現;發現物
377,fine,形容詞,好的
377,fine,動詞,使純;澄清;使精細
377,fine,副詞,細微地;精巧地;很好地;妙
377,fine,名詞,好天氣
377,fine,名詞,"罰金,罰款"
378,finger,動詞,撥弄;指出;告密;告發
378,finger,名詞,手指
379,finish,動詞,完成
379,finish,名詞,結束;(傢具等)末道漆
380,fire,動詞,"解雇,開除;點燃"
380,fire,動詞,開火;射擊
380,fire,名詞,火
381,first,形容詞,第一的
381,first,副詞,"先,首先;第一;首次"
381,first,名詞,第一;第一個;第一名;優等;開始;開始時間
382,fish,動詞,釣魚
382,fish,名詞,魚
383,fisherman,名詞,漁夫
384,five,形容詞,五的
384,five,名詞,五
385,fix,動詞,修理
385,fix,名詞,困境;窘境;賄賂;定位
386,floor,動詞,在...鋪設地板;使大為震驚
386,floor,名詞,地板;樓;室內地上
387,flower,動詞,"開花;發育,成熟;繁榮"
387,flower,名詞,花
388,fly,動詞,飛
388,fly,名詞,蒼蠅
389,follow,動詞,遵循;跟隨
390,food,名詞,食物
391,fool,動詞,愚弄
391,fool,名詞,呆子
392,foot,動詞,支付(帳單)
392,foot,名詞,腳;英尺
393,for,介系詞,為…做的;給;計;關於
393,for,連接詞,"因為,由於"
394,foreign,形容詞,"外國的,陌生的,外來的"
395,foreigner,名詞,外國人
396,forget,動詞,忘記
397,fork,動詞,"分歧,分叉"
397,fork,名詞,叉子
398,forty,形容詞,四十的
398,forty,名詞,四十
399,four,形容詞,四的
399,four,名詞,四
400,fourteen,形容詞,十四的
400,fourteen,名詞,十四
401,fox,名詞,狐狸
402,free,形容詞,空閒的;自由的;免費的
402,free,動詞,使自由;解放;使解脫
402,free,副詞,免費地;無約束地;鬆開著;脫開著
403,French fries,名詞,薯條
404,fresh,形容詞,新鮮的
405,Friday,名詞,星期五
406,fridge,名詞,電冰箱
407,friend,名詞,朋友
408,friendly,形容詞,友善的
409,frog,名詞,青蛙
410,from,介系詞,從
411,front,形容詞,前面的;正面的
411,front,動詞,向前;在前面;面對
411,front,名詞,前方
412,fruit,動詞,結果實
412,fruit,動詞,使結果實
412,fruit,名詞,水果
413,fry,動詞,油炸
413,fry,名詞,小魚，魚苗
414,full,形容詞,飽的;滿的
415,fun,形容詞,"有趣的,愉快的"
415,fun,名詞,樂趣
416,funny,形容詞,可笑的;滑稽的
417,future,形容詞,"未來的,將來的;將來(時)的"
417,future,名詞,未來
418,game,名詞,比賽;遊戲
419,garbage,名詞,垃圾
420,garden,動詞,"從事園藝,在園中種植;"
420,garden,名詞,花園
421,gas,動詞,放出氣體;加油;空談;吹牛
421,gas,名詞,瓦斯;汽油
422,gate,名詞,柵門;登機門
423,get,動詞,得到;拿到
424,ghost,名詞,鬼
425,giant,形容詞,巨大的
425,giant,名詞,巨人
426,gift,名詞,禮物
427,girl,名詞,女孩
428,give,動詞,給
429,glad,形容詞,高興的
430,glass,名詞,玻璃杯;玻璃
431,glasses,名詞,眼鏡
432,glove,名詞,手套
433,glue,動詞,黏住;緊附
433,glue,名詞,膠;膠水
434,go,動詞,去;走
434,go,名詞,輪到的機會;嘗試
435,goat,名詞,山羊
436,god,名詞,上帝
437,good,形容詞,好的
437,good,副詞,(非正式) well
437,good,名詞,利益;好處;優點
438,goodbye,感歎詞,再見;再會
438,goodbye,名詞,道別，告別
439,good-bye,感歎詞,再見;再會
439,good-bye,名詞,告別
440,goose,名詞,鵝
441,grade,動詞,將...分等級;將...分類
441,grade,名詞,年級;分數
442,gram,名詞,公克
443,grandfather,名詞,祖父;外祖父
444,grandma,名詞,祖母;外祖母
445,grandmother,名詞,祖母;外祖母
446,grandpa,名詞,祖父;外祖父
447,grape,名詞,葡萄
448,grass,名詞,草
449,gray,形容詞,灰色的
449,gray,動詞,使成灰色(或灰白)
449,gray,名詞,灰色
450,great,形容詞,很棒;大的
450,great,名詞,"偉人們,大人物們"
451,green,形容詞,綠色的
451,green,動詞,使成為綠色
451,green,名詞,綠色
452,ground,動詞,"使擱淺;使停飛;依靠,根據,基於"
452,ground,名詞,地面
453,group,動詞,把...分組(或歸類)
453,group,名詞,一群
454,grow,動詞,種植;成長
455,guava,名詞,番石榴
456,guess,動詞,猜
456,guess,名詞,猜測
457,guitar,名詞,吉他
458,guy,名詞,傢伙;人
459,gym,名詞,體育館;體育;體操
460,habit,名詞,習慣
461,hair,名詞,頭髮
462,half,形容詞,"一半的,二分之一的;不完整的"
462,half,副詞,部分地;相當地;一半地
462,half,名詞,一半
463,Halloween,名詞,萬聖節
464,ham,名詞,火腿
465,hamburger,名詞,漢堡
466,hand,動詞,"面交,給,傳遞"
466,hand,名詞,手
467,handsome,形容詞,英俊的
468,hang,動詞,把…掛起;吊
469,happen,動詞,發生
470,happy,形容詞,快樂的
471,hard,形容詞,硬的;難的
471,hard,副詞,辛苦地;猛烈地;牢固地
472,hard-working,形容詞,勤勉的
473,hat,名詞,帽子
474,hate,動詞,憎恨
474,hate,名詞,"仇恨,憎恨;厭惡"
475,have,動詞,有
475,have,助動詞,已經
476,he,代名詞,他
477,head,動詞,"率領;出發,駛往"
477,head,名詞,頭;首長
478,headache,名詞,頭痛
479,health,名詞,健康
480,healthy,形容詞,健康的
481,hear,動詞,聽見
482,heart,名詞,心臟
483,heat,動詞,把...加熱;使暖;使激動;刺激
483,heat,名詞,熱氣
484,heavy,形容詞,重的
485,height,名詞,高度
486,hello,感歎詞,哈囉
486,hello,名詞,表示問候的叫聲
487,help,動詞,幫忙
487,help,名詞,"幫助;幫手,助手"
488,helpful,形容詞,有益的
489,hen,名詞,母雞
490,her,代名詞,(受格) 她
490,her,代名詞,(所有格) 她的
491,here,副詞,在這裡
491,here,名詞,這裡;今世
492,hers,代名詞,(所有格) 她的(東西)
493,herself,代名詞,(反身代名詞)   她自己
494,hey,感歎詞,嗨;喂
495,hi,感歎詞,嗨
496,hide,動詞,躲;隱藏
497,high,形容詞,高的
497,high,副詞,高;強烈地;高聲地
497,high,名詞,高水準;高峰;天空
498,hike,動詞,徒步旅行
498,hike,名詞,徒步旅行
499,hill,名詞,丘陵
500,him,代名詞,(受格) 他
501,himself,代名詞,(反身代名詞)   他自己
502,his,代名詞,(所有格) 他的
502,his,代名詞, 他的(東西)
503,history,名詞,歷史
504,hit,動詞,打;擊
504,hit,名詞,打擊;安打;一炮打響
505,hobby,名詞,嗜好
506,hold,動詞,拿著
506,hold,名詞,"抓住,握住;延遲;延期;耽擱"
507,holiday,名詞,假日
508,home,形容詞,家庭的;國內的
508,home,動詞,回家;為...提供住處
508,home,副詞,在家;回家;到家
508,home,名詞,家
509,homework,名詞,家庭作業
510,honest,形容詞,誠實的
511,honey,名詞,蜂蜜;心愛的人
512,hope,動詞,希望
512,hope,名詞,"希望,期望"
513,horse,名詞,馬
514,hospital,名詞,醫院
515,hot,形容詞,熱的
516,hot dog,名詞,熱狗
517,hotel,名詞,旅館
518,hour,名詞,小時
519,house,動詞,給...房子住
519,house,名詞,房子
520,housewife,名詞,家庭主婦
521,how,副詞,如何
521,how,連接詞,"(用於間接陳述中,意義和作用與that相仿)"
522,however,副詞,"無論如何,不管怎樣"
522,however,連接詞,然而;不過
523,hundred,形容詞,一百的
523,hundred,名詞,一百
524,hungry,形容詞,飢餓的
525,hunt,動詞,追獵
525,hunt,名詞,打獵;搜尋
526,hurry,動詞,趕快
526,hurry,名詞,匆忙
527,hurt,動詞,傷害;使疼痛
527,hurt,名詞,(精神上的)創傷;傷;痛
528,husband,名詞,丈夫
529,I,代名詞,我
530,ice,名詞,冰
531,ice cream,名詞,冰淇淋
532,idea,名詞,主意
533,if,連接詞,如果
534,important,形容詞,重要的
535,in,形容詞,在裡面的
535,in,副詞,進;在裡頭;在家
535,in,介系詞,在…之內
536,inch,動詞,使緩慢地移動
536,inch,名詞,英吋
537,insect,名詞,昆蟲
538,inside,形容詞,"裡面的,內側的;內幕的"
538,inside,副詞,在裡面;往裡面
538,inside,介系詞,在…裡面
538,inside,名詞,"內部,裡面;內幕"
539,interest,動詞,使發生興趣
539,interest,名詞,興趣
540,interested,形容詞,感興趣的
541,interesting,形容詞,有趣的
542,Internet,名詞,網際網路
543,interview,動詞,面談;採訪
543,interview,名詞,面談;採訪
544,into,介系詞,進入
545,invite,動詞,邀請
546,is,動詞,"是,在"
546,is,動詞," be 動詞第三人稱,單數,現在式"
547,island,名詞,島嶼
548,it,代名詞,它
549,item,名詞,項目;品目
550,its,代名詞,(所有格) 它的
551,itself,代名詞,(反身代名詞)   它自己
552,jacket,名詞,夾克;外套
553,January,名詞,一月
554,jeans,名詞,牛仔褲
555,job,名詞,職業;工作
556,jog,動詞,慢跑
556,jog,名詞,輕推;輕撞;慢跑;緩行;暗示
557,join,動詞,加入
557,join,名詞,接合點;接連處
558,joke,動詞,開玩笑
558,joke,名詞,笑話
559,joy,名詞,歡喜;樂趣
560,juice,名詞,果汁
561,July,名詞,七月
562,jump,動詞,跳躍
562,jump,名詞,跳躍;暴漲
563,June,名詞,六月
564,junior high school,片語,初級中學
565,just,形容詞,正直的;公平的;應得的;正確的
565,just,副詞,正好;剛才
566,keep,動詞,保留;保持
566,keep,名詞,"生活費,生計"
567,key,形容詞,"重要的,基本的,關鍵的"
567,key,動詞,鎖上;插上;為...調音;用鍵盤輸入
567,key,名詞,鑰匙
568,kick,動詞,踢
568,kick,名詞,"踢;反衝,後座力;刺激,快感"
569,kid,動詞,戲弄
569,kid,名詞,小孩
570,kill,動詞,殺
570,kill,名詞,獵獲物;屠殺
571,kilogram,名詞,公斤
572,kind,形容詞,仁慈的
572,kind,名詞,種類
573,king,名詞,國王
574,kiss,動詞,親吻
574,kiss,名詞,吻
575,kitchen,名詞,廚房
576,kite,名詞,風箏
577,knee,動詞,用膝蓋碰(撞)
577,knee,名詞,膝蓋
578,knife,動詞,"(用刀)切;戮,刺"
578,knife,名詞,刀子
579,knock,動詞,敲
579,knock,名詞,"敲;擊,打;指摘,挑剔"
580,know,動詞,知道
581,knowledge,名詞,學問;知識
582,lake,名詞,湖
583,lamp,名詞,燈
584,land,動詞,登陸
584,land,名詞,陸地
585,language,名詞,語言
586,large,形容詞,大的
587,last,形容詞,最後的
587,last,動詞,持續
587,last,副詞,最後地
587,last,名詞,最後的人(或事物);最後;上回
588,late,形容詞,晚的;遲的
588,late,副詞,"遲到,來不及;晚"
589,laugh,動詞,笑
589,laugh,名詞,"笑,笑聲"
590,lawyer,名詞,律師
591,lazy,形容詞,懶惰的
592,lead,動詞,引導
592,lead,名詞,"指導;領先地位;線索,鉛筆心"
593,leader,名詞,領袖
594,learn,動詞,學習
595,least,形容詞,最小的;最少的;最不重要的
595,least,副詞,最小;最少;最不
595,least,名詞,最少
595,least,代名詞,最少；最小
596,leave,動詞,離開;丟下
596,leave,名詞,准假;休假
597,left,形容詞,左邊的
597,left,副詞,在左邊;向左
597,left,名詞,"左,左邊;激進分子們"
598,leg,名詞,腿
599,lemon,名詞,檸檬
600,lend,動詞,出借
601,less,形容詞,較少的
601,less,副詞,"較小地,較少地;不如"
601,less,介系詞,減去;扣除;差...
601,less,代名詞,更少，較小
602,lesson,名詞,課;教訓
603,let,動詞,讓
604,letter,名詞,信;字母
605,level,形容詞,"水平的,平的;筆直的"
605,level,名詞,水平線
606,library,名詞,圖書館
607,lie,動詞,說謊;躺
607,lie,名詞,謊言
608,life,名詞,人生;生命
609,light,形容詞,輕的
609,light,動詞,點(火);點燃;照亮
609,light,副詞,輕地;輕裝地
609,light,名詞,光線;燈
610,like,動詞,喜歡
610,like,介系詞,像;如
610,like,名詞,愛好
611,line,動詞,排隊
611,line,名詞,線;隊伍
612,lion,名詞,獅子
613,lip,名詞,嘴唇
614,list,動詞,列成表
614,list,名詞,單子
615,listen,動詞,傾聽
616,little,形容詞,很少的
616,little,副詞,一點點
616,little,名詞,沒有多少;短時間;短距離
617,live,形容詞,"活的,有生命的;燃著的;實況播送的"
617,live,動詞,居住
618,living room,名詞,客廳
619,lonely,形容詞,寂寞的
620,long,形容詞,長的
620,long,動詞,長久地;始終
620,long,動詞,渴望
620,long,副詞,長久地;始終
621,look,動詞,看
621,look,名詞,看;瞥;臉色;眼神;表情
622,lose,動詞,輸;失去
623,loud,形容詞,大聲的
623,loud,副詞,"大聲地,響亮地"
624,love,動詞,愛，愛好；喜歡
624,love,名詞,愛
625,lovely,形容詞,動人的
626,low,形容詞,低的;矮的
626,low,副詞,"低,向下地;低聲地;低價地"
626,low,名詞,"低水平,低點;;低速"
627,lucky,形容詞,幸運的
628,lunch,動詞,吃午餐
628,lunch,名詞,午餐
629,machine,動詞,用機器做
629,machine,名詞,機器
630,mad,形容詞,發火;發瘋;發狂的
631,magic,形容詞,不可思議的;有魔力的
631,magic,名詞,魔術
632,mail,動詞,寄信
632,mail,名詞,信件
633,mailman,名詞,郵差
634,main,形容詞,最主要的
634,main,名詞,總管道;主要部分;要點
635,make,動詞,製造
635,make,動詞,使得
636,man,動詞,給...配置人員
636,man,名詞,男人
636,man,名詞,人類
637,many,形容詞,很多的
637,many,代名詞,許多
638,map,動詞,繪製...的地圖;詳細計劃
638,map,名詞,地圖
639,march,名詞,三月
640,mark,動詞,做記號
640,mark,名詞,記號
641,marker,名詞,標誌;白板筆;馬克筆
642,market,動詞,(在市場上)銷售
642,market,名詞,市場
643,married,形容詞,已婚的
644,mask,動詞,在(臉上)戴面具;掩飾
644,mask,名詞,面具
645,math,名詞,數學
646,mathematics,名詞,數學
647,matter,動詞,"有關係,要緊"
647,matter,名詞,事情
648,may,助動詞,可能
648,may,名詞,五月
649,maybe,副詞,可能;也許
650,me,代名詞,(受格) 我
651,meal,名詞,餐
652,mean,形容詞,兇的;吝嗇的
652,mean,動詞,意指
653,meat,名詞,肉類
654,medicine,名詞,藥
655,medium,形容詞,中間的；中等的
655,medium,名詞,媒體;媒介；手段；傳播媒介
656,meet,動詞,遇見
656,meet,名詞,集會;競賽大會
657,member,名詞,會員
658,menu,名詞,菜單
659,metro,名詞,"地下鐵道,大都市"
660,middle,形容詞,中間的
660,middle,動詞,放在中間;對摺
660,middle,名詞,中央
661,mile,名詞,英哩
662,milk,動詞,擠(奶);榨取;偷聽電訊
662,milk,名詞,牛奶
663,million,名詞,百萬
664,mind,動詞,介意
664,mind,名詞,心智
665,mine,動詞,開礦;佈雷;破壞
665,mine,名詞,我的東西;礦;源泉;地雷;坑道
665,mine,代名詞,(所有格) 我的(東西)
666,minute,形容詞,微小的;瑣細的;詳細的
666,minute,名詞,分鐘
667,miss,動詞,想念;惦記;未達到
667,miss,名詞,少女
668,mistake,動詞,"弄錯,誤解;弄錯,搞錯"
668,mistake,名詞,錯誤;誤會
669,modern,形容詞,現代的
670,mom,名詞,母親
671,moment,名詞,片刻
672,mommy,名詞,母親
673,Monday,名詞,星期一
674,money,名詞,錢
675,monkey,名詞,猴子
676,month,名詞,月份
677,moon,名詞,月亮
678,mop,動詞,拖洗;擦去
678,mop,名詞,拖把
679,more,形容詞,更多的
679,more,副詞,更多;另外;再
679,more,名詞,更多的數量
679,more,代名詞,更多的數量
680,morning,名詞,早晨
681,most,形容詞,最多的;大部分的
681,most,副詞,"最;最多;非常,很"
681,most,代名詞,大部分
682,mother,動詞,生下;產生出
682,mother,名詞,母親
683,motorcycle,名詞,機車
684,mountain,名詞,山
685,mouse,名詞,老鼠
685,mouse,名詞,滑鼠
686,mouth,動詞,誇大地說話
686,mouth,名詞,嘴巴
687,move,動詞,移動
687,move,名詞,"動,移動;移居"
688,movie,名詞,電影
689,Mr.,縮寫,先生
689,Mr.,名詞,先生
690,Mrs.,縮寫,女士;太太
690,Mrs.,名詞,夫人，太太
691,Ms.,縮寫,女士或小姐
691,Ms.,名詞,女士
692,much,形容詞,很多的
692,much,副詞,"非常;很;差不多,幾乎"
692,much,代名詞,"許多,大量;重要的事物"
693,mud,名詞,泥巴
694,museum,名詞,博物館
695,music,名詞,音樂
696,must,助動詞,必須
696,must,名詞,必須做的事;不可少的事物
697,my,代名詞,(所有格) 我的
698,myself,代名詞,(反身代名詞)    我自己
699,nail,動詞,"將...釘牢;捕獲;揭露;擊,打"
699,nail,名詞,釘子;指甲
700,name,動詞,給...取名;列舉
700,name,名詞,名字
701,national,形容詞,國家的
702,nature,名詞,自然
703,near,形容詞,近的
703,near,動詞,"近,接近;幾乎,差不多"
703,near,副詞,近地
703,near,介系詞,接近
704,neck,動詞,摟著脖子親吻;變細;變狹窄
704,neck,名詞,脖子
705,need,動詞,需要
705,need,助動詞,"(用於疑問句和否定句)需要,必須"
705,need,名詞,需要;需求;貧窮
706,neighbor,動詞,與...為鄰
706,neighbor,名詞,鄰居
707,never,副詞,永不
708,new,形容詞,新的
709,news,名詞,新聞
710,newspaper,名詞,報紙
711,next,形容詞,下一個
711,next,副詞,"接下去,然後;下次;第二"
712,nice,形容詞,好的
713,night,名詞,夜晚
714,nine,形容詞,九的
714,nine,名詞,九
715,nineteen,形容詞,十九的
715,nineteen,名詞,十九
716,ninety,形容詞,九十的
716,ninety,名詞,九十
717,no,形容詞,沒有;不
717,no,副詞,不
717,no,名詞,不;沒有;拒絕;反對票
718,nobody,名詞,無名小子
718,nobody,代名詞,無人
719,noise,名詞,噪音
720,noisy,形容詞,喧鬧的
721,noodle,名詞,麵
722,noon,名詞,中午
723,north,形容詞,北方的
723,north,副詞,向北方
723,north,名詞,北方
724,nose,動詞,"探問,探著;引導;嗅,聞"
724,nose,名詞,鼻子
725,not,副詞,不
726,note,動詞,注意;記下
726,note,名詞,筆記;音符;記錄;便條
727,notebook,名詞,筆記本
728,nothing,名詞,無事;無物;沒什麼
728,nothing,代名詞,無事;無物
729,notice,動詞,注意到;通知
729,notice,名詞,注意;通知
730,November,名詞,十一月
731,now,副詞,現在
731,now,名詞,"現在,目前,此刻"
732,number,動詞,"編號,總數達到,共計"
732,number,名詞,號碼;數字
733,nurse,動詞,"看護,護理;給...餵奶;培育;當奶媽"
733,nurse,名詞,護士
734,o'clock,副詞,...點鐘
734,o'clock,名詞,點鐘
735,October,名詞,十月
736,of,介系詞,…的，屬於
737,off,形容詞,離去的;偏離的;休假的;關著的
737,off,副詞,脫下
737,off,介系詞,離去
738,office,名詞,辦公室
739,officer,名詞,軍官;官員
740,often,副詞,常常
741,oil,動詞,給...加潤滑油;賄賂
741,oil,名詞,油
742,OK,形容詞,好吧
742,OK,動詞,尚可;挺好;批准
742,OK,副詞,尚可;挺好;對吧
742,OK,名詞,"認可,批准"
743,old,形容詞,年老的
744,on,副詞,繼續;向前;開著;;在進行中
744,on,介系詞,在…上面
745,once,副詞,一次
745,once,連接詞,"一旦,一經...便"
745,once,名詞,"一次,一回"
746,one,形容詞,一個的
746,one,名詞,一;一個人;一件事物
746,one,代名詞,任何人
747,only,形容詞,唯一的，僅有的；最好的
747,only,副詞,"只,僅僅,才;不料;反而"
747,only,連接詞,"可是,不過;要不是,若非"
748,open,形容詞,打開的;空曠的;未定的;營業的;公開的
748,open,動詞,打開
748,open,名詞,"戶外,野外;曠野,空地;公開賽"
749,or,連接詞,或
750,orange,形容詞,橙色的
750,orange,名詞,柳橙;橙色
751,order,動詞,點菜;訂購
751,order,名詞,定單
752,other,形容詞,其他的
752,other,代名詞,其他的人或物
753,our,代名詞,我們的 (所有格)
754,ours,代名詞,(所有格) 我們的(東西)
755,ourselves,代名詞,(反身代名詞)   我們自己
756,out,形容詞,在外的
756,out,動詞,出現;問世;顯露
756,out,副詞,在外地
756,out,介系詞,通過...而出
756,out,名詞,託辭;(棒球等)出局
757,outside,形容詞,"外邊的,外部的"
757,outside,副詞,外面地
757,outside,介系詞,在外
757,outside,名詞,"外面,外部;外側;外表"
758,over,形容詞,結束了
758,over,副詞,"在上方;越過;過分,太;再一次"
758,over,介系詞,在…之上
759,own,形容詞,自己的
759,own,動詞,擁有
760,p.m.,副詞,下午
761,pack,動詞,包裝
761,pack,名詞,一小包
762,package,動詞,把...打包;包裝
762,package,名詞,包裹
763,page,名詞,頁
764,paint,動詞,畫圖;油漆
764,paint,名詞,"油漆,塗料"
765,pair,動詞,"成對,配對"
765,pair,名詞,一副
766,pants,名詞,褲子
767,papaya,名詞,木瓜
768,paper,動詞,"用紙包;掩蓋,粉飾"
768,paper,名詞,紙張
769,parent,名詞,(父親；母親) 雙親之一
770,park,動詞,停放車輛
770,park,動詞,放置
770,park,名詞,公園
771,part,動詞,"使分開,使分離;斷裂;告別"
771,part,名詞,部份
772,party,動詞,開派對;參加派對
772,party,名詞,派對
773,pass,動詞,及格;經過;超過;傳遞
773,pass,名詞,通行證;護照;及格;傳球動作;山隘
774,past,形容詞,過去的
774,past,副詞,過;經過;越過
774,past,介系詞,走過
774,past,名詞,"過去,昔日;往事;經歷;過去式"
775,paste,動詞,黏貼
775,paste,名詞,漿糊
776,pay,動詞,付錢
776,pay,名詞,薪俸;報酬;報償;懲罰
777,PE,縮寫,體育課 (physical education)
778,peach,名詞,桃子
779,pear,名詞,梨子
780,pen,動詞,寫;寫作;囚禁
780,pen,名詞,原子筆;墨水筆
781,pencil,動詞,"草擬,起草"
781,pencil,名詞,鉛筆
782,people,動詞,"使人住在,居住於"
782,people,名詞,人們
783,perhaps,副詞,或許;可能
784,person,名詞,人
785,pet,動詞,把...當作寵兒;寵愛;撫弄;生氣
785,pet,名詞,寵物
786,phone,動詞,打電話
786,phone,名詞,電話
787,photo,動詞,給...拍照
787,photo,動詞,拍照;在照片上顯得
787,photo,名詞,相片
788,physical education,片語,體育課
789,piano,名詞,鋼琴
790,pick,動詞,採收;撿起;選
790,pick,名詞,"精華,最好的部分;收穫(量)"
791,picnic,動詞,"去野餐,參加野餐;在戶外用餐"
791,picnic,名詞,野餐
792,picture,動詞,"畫,拍攝;描述"
792,picture,名詞,圖畫;照片
793,pie,名詞,派(食品)
794,piece,動詞,拼湊;拼合;修理;修補
794,piece,名詞,件;片
795,pig,動詞,生小豬;像豬一樣過活
795,pig,名詞,豬
796,pin,動詞,釘住;壓住;按住;把...歸罪於
796,pin,名詞,大頭針;胸針
797,pink,形容詞,粉紅色的
797,pink,名詞,粉紅色
798,pipe,動詞,用管道輸送;吹奏管樂;尖聲叫嚷
798,pipe,名詞,管子
799,pizza,名詞,披薩
800,place,動詞,"放置,安置;任命"
800,place,名詞,地方
801,plan,動詞,計劃
801,plan,名詞,計畫
802,plane,名詞,飛機
803,planet,名詞,行星
804,plant,動詞,栽種;播種
804,plant,名詞,"植物,農作物;工廠"
805,plate,動詞,鍍;電鍍
805,plate,名詞,盤;碟
806,play,動詞,玩
806,play,名詞,遊戲;戲劇
807,player,名詞,遊戲者;運動者;表演者
808,playground,名詞,遊樂場;運動場
809,please,動詞,請;取悅
809,please,副詞,(用於請求或命令)請
810,pleasure,名詞,愉快
811,pocket,形容詞,袖珍的;小型的;錢的;零星花用的
811,pocket,動詞,侵吞;擊(球)落袋;忍受
811,pocket,名詞,口袋
812,point,動詞,瞄準;指出;強調;對準
812,point,名詞,點;要點
813,police,動詞,"管理,監督"
813,police,名詞,警察
814,polite,形容詞,有禮貌的
815,pond,名詞,池塘
816,pool,動詞,"合辦,聯營"
816,pool,名詞,水池;美式撞球
817,poor,形容詞,貧窮的
818,pop,形容詞,"通俗的,流行的"
818,pop,動詞,發出砰(或啪)的響聲
818,pop,副詞,突然地
818,pop,名詞,"流行音樂,汽水,發出砰的一聲,"
819,popcorn,名詞,爆米花
820,popular,形容詞,流行的;受歡迎的
821,pork,名詞,豬肉
822,possible,形容詞,可能的
823,post office,名詞,郵局
824,postcard,名詞,明信片
825,pot,動詞,把...放在罐(或鍋)裡;亂射
825,pot,名詞,罐;鍋
826,pound,動詞,敲打;(心等)劇跳;腳步沈重地走
826,pound,名詞,磅
827,power,動詞,給...提供動力
827,power,快速前進,
827,power,名詞,權力;動力
828,practice,動詞,練習;訓練
828,practice,名詞,練習
829,pray,動詞,禱告
830,prepare,動詞,準備
831,present,形容詞,出席的;當前的;現在式的
831,present,動詞,提出
831,present,名詞,禮物
832,pretty,形容詞,漂亮的
832,pretty,副詞,十分地
833,price,動詞,給...定價
833,price,名詞,價錢
834,prize,動詞,"重視,珍視;估價"
834,prize,名詞,獎品
835,problem,名詞,問題
836,program,動詞,為...安排節目;設計電腦程式
836,program,名詞,節目
837,proud,形容詞,感光榮的;驕傲的
838,public,形容詞,公開的;公立的
838,public,名詞,"公眾,民眾"
839,pull,動詞,拉
839,pull,名詞,"拉,拖"
840,pumpkin,名詞,南瓜
841,puppy,名詞,小狗
842,purple,形容詞,紫色的
842,purple,名詞,紫色
843,push,動詞,推開
843,push,名詞,推;推進;奮發;緊迫
844,put,動詞,放置
845,quarter,動詞,把...四等分;供...住宿;;駐紮
845,quarter,名詞,¼;美金25分;15分鐘
846,queen,名詞,皇后
847,question,動詞,詢問
847,question,名詞,問題
848,quick,形容詞,快的
848,quick,副詞,"快,迅速地"
849,quiet,形容詞,安靜的
849,quiet,動詞,"使安靜;撫慰,安慰"
849,quiet,名詞,安靜;寂靜;安穩;和平
850,quite,副詞,完全地;相當
851,quiz,動詞,"挖苦,嘲弄;考問"
851,quiz,名詞,小考
852,R.O.C.,縮寫,中華民國
853,rabbit,名詞,兔子
854,race,動詞,與...賽跑
854,race,名詞,競賽;(生物的)種類
855,radio,動詞,用無線電傳送
855,radio,名詞,收音機
856,rain,動詞,下雨
856,rain,名詞,雨
857,rainbow,名詞,彩虹
858,rainy,形容詞,下雨的;多雨的
859,raise,動詞,舉起;提高
859,raise,名詞,加薪;賭注加碼
860,rat,名詞,老鼠
861,reach,動詞,到;伸出
861,reach,名詞,可及之範圍
862,read,動詞,閱讀
863,ready,形容詞,準備好的
863,ready,動詞,"預先,事先;使準備好"
864,real,形容詞,真實的
865,reason,動詞,"推論,推理"
865,reason,名詞,理由
866,red,形容詞,紅色的
866,red,名詞,紅色
867,refrigerator,名詞,電冰箱
868,relative,形容詞,有關的;相對的
868,relative,名詞,親戚
869,remember,動詞,記得
870,repeat,動詞,重複
870,repeat,名詞,重複;重播;複寫;副本;
871,report,動詞,報告;報導
871,report,名詞,報告
872,reporter,名詞,記者
873,rest,動詞,休息
873,rest,名詞,休息;靜止;安息;休止符;其餘
874,restaurant,名詞,餐廳
875,restroom,名詞,廁所
875,restroom,名詞,廁所
876,rice,名詞,稻米;飯
877,rich,形容詞,富有的
877,rich,名詞,有錢人
878,ride,動詞,騎;乘
878,ride,名詞,搭乘;兜風
879,right,形容詞,右邊;對的
879,right,副詞,向右地;馬上
879,right,名詞,公理;權利
880,ring,動詞,"(鐘,鈴等)鳴,響"
880,ring,名詞,指環;鈴聲
881,rise,動詞,起身;升起
881,rise,名詞,"(數量,程度等)增加,上漲;上升"
882,river,名詞,河流
883,road,名詞,道路
884,robot,名詞,機器人
885,ROC,縮寫,中華民國
886,rock,動詞,搖動
886,rock,名詞,岩石;搖滾樂
887,roll,動詞,捲;滾
887,roll,名詞,滾動;(一)捲;捲餅;隆隆聲;名單
888,room,動詞,居住
888,room,動詞,為...提供住處
888,room,名詞,房間
889,root,動詞,使生根;使紮根
889,root,名詞,根
890,rope,動詞,"捆,紮,縛,綁"
890,rope,名詞,粗繩
891,round,形容詞,圓形的
891,round,動詞,"變圓;發胖;兜圈子,環行"
891,round,副詞,"環繞地;循環地;在附近;逐一,挨次"
891,round,介系詞,"圍繞,環繞;在...附近;大約"
891,round,名詞,"一輪,一回合,一場,一局;圓形物"
892,row,動詞,划船
892,row,名詞,行列
893,rule,動詞,統治;裁決
893,rule,名詞,規則
894,ruler,名詞,尺;統治者
895,run,動詞,跑
895,run,名詞,"跑;連續的演出;趨勢,動向;擠兌"
896,sad,形容詞,難過的
897,safe,形容詞,安全的
897,safe,名詞,保險箱
898,sail,動詞,航行
898,sail,名詞,"帆,篷;帆狀物;船隻"
899,salad,名詞,沙拉
900,sale,名詞,售賣;賤賣
901,salesman,名詞,售貨員
902,salt,形容詞,"鹹水的;含鹽的;(故事,笑話等)猥褻的"
902,salt,動詞,給...加鹽;用鹽醃
902,salt,名詞,鹽
903,same,形容詞,相同的
903,same,副詞,同樣地
903,same,代名詞,同樣的人;同樣的事物
904,sandwich,動詞,"將..夾在中間,擠進"
904,sandwich,名詞,三明治
905,Saturday,名詞,星期六
906,save,動詞,救;省;存錢
907,say,動詞,說
908,scared,形容詞,害怕的
909,school,動詞,"教育,訓練"
909,school,名詞,學校
910,science,名詞,科學
911,scooter,名詞,小輪摩托車
912,screen,名詞,屏;銀幕
913,sea,名詞,海
914,season,動詞,給...調味;加味於
914,season,名詞,季節
915,seat,動詞,使就座
915,seat,名詞,座位
916,second,形容詞,"第二的;次要的,副的,從屬的"
916,second,副詞,"居第二位;第二,其次"
916,second,名詞,第二;秒
917,secretary,名詞,秘書
918,see,動詞,看見
919,seed,動詞,"(植物)結實,結子;播種"
919,seed,名詞,種子
920,seesaw,動詞,玩蹺蹺板;上下(來回)搖動
920,seesaw,名詞,蹺蹺板
921,seldom,副詞,很少地
922,sell,動詞,賣
923,send,動詞,寄發;送
924,senior high school,片語,高級中學
925,sentence,動詞,宣判;判決
925,sentence,名詞,句子
926,September,名詞,九月
927,serious,形容詞,嚴肅的;嚴重的;認真的
928,service,動詞,"維修,保養"
928,service,名詞,服務
929,set,形容詞,固定的;下定決心的;準備好的;呆滯的
929,set,動詞,安放;設定
929,set,名詞,套;組
930,seven,形容詞,七的
930,seven,名詞,七
931,seventeen,形容詞,十七的
931,seventeen,名詞,十七
932,seventy,形容詞,七十的
932,seventy,名詞,七十
933,several,形容詞,幾個的
933,several,代名詞,"幾個,數個"
934,shake,動詞,搖動;握(手)
934,shake,名詞,搖動;奶昔
935,shape,動詞,"使成形;塑造,製作"
935,shape,名詞,形狀
936,share,動詞,分享
936,share,名詞,股份;市場佔有率;分攤;貢獻
937,sharp,形容詞,尖銳的;敏銳的
937,sharp,副詞,整(指時刻);銳利地;機警地
938,she,代名詞,她
939,sheep,名詞,綿羊
940,shine,動詞,照耀
940,shine,名詞,"光,光亮;光澤;擦亮;陽光,晴天"
941,ship,動詞,用船運;郵寄;乘船
941,ship,名詞,船
942,shirt,名詞,襯衫
943,shoe,名詞,鞋子
944,shop,動詞,購物
944,shop,名詞,商店
945,shopkeeper,名詞,小店主
946,short,形容詞,矮的;短的
947,shorts,名詞,短褲
948,should,助動詞,"將;萬一,竟然;該"
949,shoulder,動詞,"肩起,挑起;擔負,承擔"
949,shoulder,名詞,肩膀
950,shout,動詞,呼叫
950,shout,名詞,呼喊;喊叫聲
951,show,動詞,表演;顯示
951,show,名詞,展覽;電影
952,shower,動詞,傾注;洗淋浴
952,shower,名詞,陣雨;淋浴
953,shy,形容詞,害羞的
954,sick,形容詞,生病的
955,side,形容詞,側面的
955,side,名詞,邊
956,sidewalk,名詞,路邊行人道
957,sight,動詞,"看見,發現;瞄準;察看"
957,sight,名詞,視力;景象
958,sign,動詞,簽字;做信號
958,sign,名詞,記號
959,simple,形容詞,簡單的
960,since,副詞,"此後;之前,以前"
960,since,介系詞,由於;自從...之後
960,since,連接詞,自...以來;因為
961,sing,動詞,唱歌
962,singer,名詞,歌手
963,sir,名詞,先生
964,sister,名詞,姊;妹
965,sit,動詞,坐
966,six,形容詞,六的
966,six,名詞,六
967,sixteen,形容詞,十六的
967,sixteen,名詞,十六
968,sixty,形容詞,六十的
968,sixty,名詞,六十
969,size,動詞,按一定尺寸製作;估算
969,size,名詞,大小;尺寸
970,skirt,動詞,"繞開,避開"
970,skirt,名詞,裙子
971,sky,名詞,天空
972,sleep,動詞,睡覺
972,sleep,名詞,睡眠;死亡;冬眠
973,slide,動詞,滑壘;滑動
973,slide,名詞,滑梯;土崩
974,slim,形容詞,細長的;微小的
974,slim,動詞,"減肥;減少,縮減"
975,slow,形容詞,緩慢的
975,slow,動詞,"使慢,放慢"
975,slow,副詞,慢慢地;遲遲地;慢了地
976,small,形容詞,小的
976,small,副詞,"小聲地;小小地,細小地"
976,small,名詞,細小的部分;小件物品
977,smart,形容詞,聰明的
978,smell,動詞,聞
978,smell,名詞,"氣味;香味;臭味;嗅覺;一嗅,一聞;少許;跡象,影蹤"
979,smile,動詞,微笑
979,smile,名詞,微笑
980,smoke,動詞,抽煙;冒煙
980,smoke,名詞,煙
981,snack,動詞,吃快餐;吃點心
981,snack,名詞,點心
982,snake,動詞,蛇行
982,snake,名詞,蛇
983,snow,動詞,下雪
983,snow,名詞,雪
984,snowy,形容詞,似雪的;多雪的
985,so,副詞,這麼;也如此
985,so,連接詞,因此
986,soccer,名詞,足球
987,socks,名詞,一雙襪子
988,sofa,名詞,沙發
989,soldier,名詞,軍人
990,some,形容詞,一些的
990,some,代名詞,一些
991,somebody,名詞,某人;有名氣的人
991,somebody,代名詞,某人
992,someone,名詞,某人;有名氣的人
992,someone,代名詞,某人
993,something,名詞,某人;某事;重要的人(或事物);
993,something,代名詞,某事
994,sometimes,副詞,有時候
995,somewhere,副詞,在某處
996,son,名詞,兒子
997,song,名詞,歌曲
998,soon,副詞,即刻;不久
999,sore,形容詞,疼痛的
999,sore,名詞,"痛處;瘡,潰瘍;傷心事"
1000,sorry,形容詞,抱歉;遺憾的
1000,sorry,感歎詞,對不起
1001,sound,形容詞,"完好的;堅固的;合理的,明智的;殷實的"
1001,sound,動詞,聽起來
1001,sound,名詞,聲音
1002,soup,名詞,湯
1003,south,形容詞,南方的
1003,south,副詞,向南方
1003,south,名詞,南方
1004,space,動詞,隔開
1004,space,名詞,空位;太空
1005,speak,動詞,說;講
1006,special,形容詞,特別的
1006,special,名詞,特刊;特別節目;特色菜;特價商品
1007,spell,動詞,拼字
1007,spell,名詞,(一段)工作時間;一段時間;輪班;魅力
1008,spend,動詞,花費(錢或時間)
1009,spider,名詞,蜘蛛
1010,spoon,動詞,用匙舀;舀取
1010,spoon,名詞,湯匙
1011,sports,形容詞,運動的
1012,spring,動詞,彈開;湧現;源(於)
1012,spring,名詞,春天;春季;泉
1013,square,形容詞,正方形的
1013,square,名詞,正方形
1014,stairs,名詞,樓梯
1015,stamp,動詞,頓足;蓋印
1015,stamp,名詞,郵票;印章
1016,stand,動詞,站住
1016,stand,動詞,堅持
1016,stand,動詞,面對
1016,stand,動詞,承擔...任務
1016,stand,名詞,"攤子;停止,站立；立場;態度"
1017,star,動詞,主演;表現出色
1017,star,名詞,星星;明星
1018,start,動詞,開始
1018,start,名詞,出發;開端;啟動
1019,station,動詞,"駐紮,部署,配置"
1019,station,名詞,車站;場所
1020,stay,動詞,停留
1020,stay,名詞,"停留,逗留;停止;延後;持續力"
1021,steak,名詞,牛排
1022,still,形容詞,靜止的
1022,still,動詞,使平靜;止住
1022,still,副詞,仍然
1022,still,名詞,靜物畫;寂靜
1022,still,名詞,蒸餾室
1023,stomach,名詞,胃
1024,stop,動詞,停止
1024,stop,名詞,車站
1025,store,動詞,貯存;收存;供應;蓄有
1025,store,名詞,商店
1026,story,名詞,故事;樓層
1027,straight,形容詞,直的
1027,straight,副詞,"直,挺直地;正直地;立刻"
1027,straight,名詞,"直,挺直;(紙牌)五張順牌"
1028,strange,形容詞,奇怪的
1029,strawberry,名詞,草莓
1030,street,名詞,街道
1031,string,動詞,"(用線,繩)縛,紮,掛；給...裝上弦"
1031,string,名詞,線;細繩;帶子;（球拍的、樂器的）弦;字串
1032,strong,形容詞,強壯的
1033,student,名詞,學生
1034,study,動詞,學習;讀書
1034,study,名詞,書房
1035,stupid,形容詞,笨的
1036,subject,形容詞,"隸屬的,受支配的"
1036,subject,動詞,使隸屬;使服從;提供
1036,subject,名詞,主題;學科
1037,successful,形容詞,成功的
1038,sugar,動詞,加糖於;粉飾
1038,sugar,名詞,糖
1039,summer,名詞,夏天;夏季
1040,sun,動詞,"曬,曝"
1040,sun,曬太陽,
1040,sun,名詞,太陽
1041,Sunday,名詞,星期日
1042,sunny,形容詞,晴朗的
1043,supermarket,名詞,超級市場
1044,sure,形容詞,確定
1044,sure,副詞,的確;一定;當然
1045,surf,動詞,衝浪;在網路或頻道上搜索資料
1045,surf,名詞,海浪
1046,surprise,動詞,使驚奇
1046,surprise,名詞,意外之事物
1047,surprised,形容詞,驚訝的
1048,sweater,名詞,毛衣
1049,sweet,形容詞,甜的
1049,sweet,名詞,"(餐後的)甜點;(用作稱呼語)親愛的,寶貝"
1050,swim,動詞,游泳
1050,swim,名詞,"游泳;暈眩,眼花;潮流"
1051,swing,動詞,搖擺;揮動
1051,swing,名詞,鞦韆;搖擺音樂
1052,table,名詞,"桌子;表,目錄"
1053,tail,動詞,"尾隨;盯梢;變少,縮小"
1053,tail,名詞,尾巴
1054,Taiwan,名詞,台灣
1055,take,動詞,拿;帶;採用
1056,talk,動詞,講話
1056,talk,名詞,談話;交談;空話;話題;談判
1057,tall,形容詞,高的
1058,tape,動詞,用帶子捆紮;用錄音帶為...錄音(或影)
1058,tape,名詞,錄音帶;錄影帶;膠帶
1059,taste,動詞,嘗
1059,taste,名詞,"味道,滋味;體驗;風雅;得體;興趣"
1060,taxi,名詞,計程車
1061,tea,名詞,茶
1062,teach,動詞,教
1063,teacher,名詞,老師
1064,team,動詞,使合作;結成一隊
1064,team,名詞,隊
1065,teenager,名詞,十幾歲孩子
1066,telephone,動詞,"打電話,通電話"
1066,telephone,名詞,電話
1067,television,名詞,電視
1068,tell,動詞,告訴
1069,temple,名詞,廟宇;神殿
1070,ten,形容詞,十的
1070,ten,名詞,十
1071,tennis,名詞,網球
1072,terrible,形容詞,可怕的
1073,test,動詞,試驗;測驗
1073,test,名詞,測驗;考試
1074,than,介系詞,比
1074,than,超過,
1074,than,連接詞,比較
1075,thank,動詞,感謝
1075,thank,名詞,感謝;謝意;謝辭
1076,that,形容詞,那;那個
1076,that,副詞,"那樣,那麼"
1076,that,連接詞,以致
1076,that,代名詞,那人;那事
1077,the,冠詞,這
1078,theater,名詞,戲院;劇院
1079,their,代名詞,(所有格) 他們的
1080,theirs,代名詞,(所有格) 他們的(東西)
1081,them,代名詞,(受格) 他們
1082,themselves,代名詞,"(反身代名詞)   他(她,它)們自己"
1083,then,形容詞,當時的
1083,then,副詞,當時;之後;那麼
1083,then,名詞,"那時,當時"
1084,there,副詞,在那裡
1084,there,名詞,"那個地方,那裡"
1084,there,代名詞,(用以介紹動詞在主詞之前的句子或子句)
1085,these,形容詞,這些 (this 的複數)
1085,these,代名詞,這些
1086,they,代名詞,他們
1087,thick,形容詞,粗的;厚的
1088,thin,形容詞,瘦的
1089,thing,名詞,事物;東西
1090,think,動詞,想
1091,third,形容詞,第三
1091,third,副詞,第三名
1091,third,名詞,第三;三分之一
1092,thirsty,形容詞,口渴的
1093,thirteen,形容詞,十三的
1093,thirteen,名詞,十三
1094,thirty,形容詞,三十的
1094,thirty,名詞,三十
1095,this,形容詞,這
1095,this,副詞,"這麼,這樣地"
1095,this,代名詞,這個;這人;這事
1096,those,形容詞,那些的;那
1096,those,代名詞,那些
1097,though,副詞,"(一般放在句尾)然而,還是"
1097,though,連接詞,雖然
1098,thousand,形容詞,千的
1098,thousand,名詞,千
1099,three,形容詞,三的
1099,three,名詞,三
1100,throat,名詞,喉嚨
1101,through,副詞,"穿過,通過;從頭至尾;(電話)接通"
1101,through,介系詞,經過
1102,throw,動詞,投;拋
1102,throw,名詞,投擲;披巾;(沙發等的)罩單
1103,Thursday,名詞,星期四
1104,ticket,動詞,加標籤於;開違規罰單
1104,ticket,名詞,票;罰單
1105,tidy,形容詞,整潔的
1105,tidy,動詞,使整潔
1106,tie,動詞,綁;繫
1106,tie,名詞,結;領帶;平手
1107,tiger,名詞,老虎
1108,time,動詞,記錄...的時間;使合拍子
1108,time,名詞,時間;次數
1109,tip,動詞,給小費;使傾斜
1109,tip,名詞,尖端;小費
1110,tired,形容詞,疲倦的
1111,to,介系詞,到;向
1112,toast,動詞,烤;乾杯
1112,toast,名詞,烤麵包片
1113,today,副詞,今天
1113,today,名詞,今天
1114,toe,動詞,用腳尖走(或站)
1114,toe,名詞,腳趾
1115,together,形容詞,情緒穩定的;時髦的
1115,together,副詞,一同
1116,tomato,名詞,番茄
1117,tomorrow,副詞,明天
1117,tomorrow,名詞,明天
1118,tonight,副詞,今夜;今晚
1118,tonight,名詞,今夜;今晚
1119,too,副詞,也是;過於
1120,tool,動詞,使用工具
1120,tool,名詞,工具
1121,tooth,名詞,牙齒
1122,top,形容詞,最高的
1122,top,動詞,向高處升;達到頂點;高出;超越
1122,top,名詞,頂部
1122,top,陀螺,
1123,topic,名詞,論題;話題
1124,total,形容詞,總的
1124,total,動詞,"總計,合計"
1124,total,名詞,總額
1125,touch,動詞,觸摸
1125,touch,名詞,"觸,碰;接觸;潤色;特長,才能;少許"
1126,towel,動詞,用毛巾擦
1126,towel,名詞,毛巾
1127,town,名詞,城市
1128,toy,動詞,"玩弄,戲耍;調情,調戲"
1128,toy,名詞,玩具
1129,traffic,動詞,"在...上通行;交易,來來往往"
1129,traffic,名詞,交通
1130,train,動詞,"訓練,培養;瞄準"
1130,train,動詞,"接受訓練,鍛鍊"
1130,train,名詞,火車
1131,trash,動詞,修剪(樹等)的枯枝殘葉;丟棄
1131,trash,名詞,垃圾
1132,treat,動詞,對待;治療
1132,treat,名詞,款待
1133,tree,名詞,樹木
1134,trick,動詞,欺騙
1134,trick,名詞,詭計;戲法;惡作劇
1135,trip,動詞,"絆,絆倒;失足,犯錯誤;旅行"
1135,trip,名詞,旅行
1136,trouble,動詞,麻煩;煩惱;費心
1136,trouble,名詞,麻煩
1137,truck,動詞,用卡車運送
1137,truck,名詞,卡車
1138,TRUE,形容詞,真實的;正確的
1138,TRUE,動詞,"配準,擺正"
1138,TRUE,副詞,準確地;真實地
1139,try,動詞,試做
1139,try,名詞,嘗試;努力
1140,T-shirt,名詞,短袖圓領運動衫
1141,Tuesday,名詞,星期二
1142,turn,動詞,轉
1142,turn,名詞,輪到
1143,turtle,名詞,烏龜
1144,TV,縮寫,電視
1144,TV,名詞,電視（機）
1145,twelve,形容詞,十二的
1145,twelve,名詞,十二
1146,twenty,形容詞,二十的
1146,twenty,名詞,二十
1147,twice,副詞,兩次
1148,two,形容詞,二的
1148,two,名詞,二
1149,type,動詞,打字
1149,type,名詞,類型
1150,typhoon,名詞,颱風
1151,U.S.A.,縮寫,美國 (United States of America)
1152,ugly,形容詞,醜的
1153,umbrella,名詞,雨傘
1154,uncle,名詞,叔叔
1155,under,副詞,"在下面,在下方;從屬地"
1155,under,介系詞,在…下面
1156,understand,動詞,了解
1157,unhappy,形容詞,不快樂的
1158,uniform,形容詞,"相同的,一致的;不變的"
1158,uniform,動詞,使成一樣;使一律化
1158,uniform,名詞,制服
1159,until,介系詞,直到
1159,until,連接詞,直到...時
1160,up,形容詞,向上的;上行的
1160,up,動詞,提高;增加;舉起;突然站起
1160,up,副詞,向上
1160,up,介系詞,向...上
1160,up,名詞,上升;走運
1161,upload,動詞,"上載,上傳（資訊）"
1161,upload,名詞,上傳
1162,us,代名詞,我們 (受格)
1163,USA,縮寫,美國 (United States of America)
1164,use,動詞,利用
1164,use,名詞,用途
1165,useful,形容詞,有用的
1166,vacation,動詞,度假
1166,vacation,名詞,假期
1167,vegetable,形容詞,蔬菜的;植物的
1167,vegetable,名詞,蔬菜
1168,very,形容詞,正是;恰好是;僅僅
1168,very,副詞,很;非常
1169,video,形容詞,電視的;電視影像的;錄影的
1169,video,動詞,錄製；給…錄影
1169,video,名詞,錄影機;錄影帶
1170,violin,名詞,小提琴
1171,visit,動詞,訪問
1171,visit,名詞,訪問
1172,visitor,名詞,訪客
1173,voice,動詞,"(用言語)表達,說出"
1173,voice,名詞,(人的)聲音
1174,wait,動詞,等候
1174,wait,名詞,等待;等待的時間
1175,waiter,名詞,男服務生
1176,waitress,名詞,女服務生
1177,wake,動詞,叫醒
1178,walk,動詞,走路
1178,walk,名詞,散步;人行道;四壞球保送上一壘
1179,wall,動詞,用牆圍住
1179,wall,名詞,牆
1180,wallet,名詞,皮夾
1181,want,動詞,想要
1181,want,名詞,需要的東西;必需品;缺乏;匱乏
1182,warm,形容詞,溫暖的
1182,warm,動詞,使暖和
1182,warm,名詞,"暖和的地方;取暖,加熱"
1183,wash,動詞,洗
1183,wash,名詞,"洗,洗滌;要洗的(洗好的)衣服"
1184,watch,動詞,注意看
1184,watch,名詞,手錶
1185,water,動詞,給...澆水;加水稀釋;流口水
1185,water,名詞,水
1186,watermelon,名詞,西瓜
1187,wave,動詞,揮動
1187,wave,名詞,波浪
1188,way,副詞,很、太
1188,way,名詞,方法;路
1189,we,代名詞,我們
1190,weak,形容詞,虛弱的
1191,wear,動詞,"穿著, 磨損, 使力竭"
1191,wear,名詞,穿;戴;佩;磨損
1192,weather,動詞,經受到;使風化;褪色;損壞
1192,weather,名詞,天氣
1193,Wednesday,名詞,星期三
1194,week,名詞,星期
1195,weekend,動詞,度週末
1195,weekend,名詞,周末
1196,welcome,形容詞,受歡迎的;令人愉快的;被允許的
1196,welcome,動詞,歡迎
1196,welcome,名詞,"歡迎,款待;歡迎辭"
1197,well,形容詞,健康的
1197,well,副詞,很好地;充分地
1197,well,感歎詞,啊;那麼
1197,well,名詞,"井,水井"
1198,west,形容詞,西方的
1198,west,副詞,向西方
1198,west,名詞,西方
1199,wet,形容詞,潮溼的
1199,wet,動詞,"把...淋濕,打濕,弄濕;尿濕"
1200,what,形容詞,"什麼;多麼,何等"
1200,what,代名詞,什麼
1201,when,副詞,何時
1201,when,連接詞,當...時;既然;然而
1201,when,代名詞,"什麼時候,那時"
1202,where,副詞,在哪兒
1202,where,連接詞,在...處;到...的地方;...的地方
1202,where,名詞,"哪裡,何處"
1202,where,名詞,地點
1202,where,代名詞,"哪裡,何處"
1203,whether,連接詞,是否
1204,which,形容詞,"哪一個,哪一些;這個,這些"
1204,which,代名詞,哪一個
1205,while,動詞,"消磨(時光),輕鬆地度過"
1205,while,連接詞,當...的時候
1205,while,名詞,一會兒
1206,white,形容詞,白色的
1206,white,名詞,白色
1207,who,代名詞,誰
1208,whose,代名詞,誰的
1209,why,副詞,為什麼
1209,why,連接詞,為什麼
1209,why,名詞,"原因,理由;難解的問題,謎"
1210,wide,形容詞,"寬的,廣泛的"
1210,wide,副詞,張得(或開得)很大地;充分地
1210,wide,名詞,"歪球,壞球"
1211,wife,名詞,妻子
1212,will,動詞,"將;願,要;能;願意"
1212,will,助動詞,將
1212,will,名詞,意志;決心;遺囑
1213,win,動詞,贏得
1213,win,名詞,"獲勝,成功,贏;贏得物"
1214,wind,動詞,"纏繞;包,裹;蜿蜒;迂迴"
1214,wind,名詞,風
1215,window,名詞,窗戶
1216,windy,形容詞,多風的
1217,winter,名詞,冬天;冬季
1218,wise,形容詞,有智慧的
1219,wish,動詞,祝福
1219,wish,名詞,"希望,願望;祝福,祈頌"
1220,with,介系詞,跟...在一起;有
1221,without,副詞,在沒有(或缺少)的情況下
1221,without,介系詞,沒有
1222,woman,名詞,女人
1223,wonderful,形容詞,很棒的;奇妙的
1224,word,動詞,用言詞表達
1224,word,名詞,字
1225,work,動詞,工作
1225,work,動詞,運轉
1225,work,名詞,"工作,作品"
1226,workbook,名詞,作業簿
1227,worker,名詞,工人
1228,world,形容詞,世界的
1228,world,名詞,世界
1229,worry,動詞,擔心
1229,worry,名詞,煩惱;焦慮;擔心
1230,write,動詞,寫
1231,writer,名詞,作家
1232,wrong,形容詞,錯誤的
1232,wrong,動詞,"冤枉,委屈;無禮地對待"
1232,wrong,副詞,"錯誤地;邪惡地,不正當地"
1232,wrong,名詞,"錯誤;不道德;違法,犯罪;壞事"
1233,yard,名詞,庭院;碼(3英呎)
1234,yeah,副詞,是
1235,year,名詞,年
1236,yellow,形容詞,黃色的
1236,yellow,動詞,"使變黃,使發黃"
1236,yellow,名詞,黃色
1237,yes,副詞,是
1237,yes,感歎詞,(贊同或喜悅的強烈表達)
1237,yes,名詞,"肯定的回答,同意;贊成票"
1238,yesterday,形容詞,昨天
1238,yesterday,副詞,昨天
1238,yesterday,名詞,昨天;往昔
1239,yet,副詞,尚未;但是
1239,yet,連接詞,然而
1240,you,代名詞,你;你們
1241,young,形容詞,年輕的
1241,young,名詞,青年們;雛
1242,your,代名詞,(所有格) 你的;你們的
1243,yours,代名詞,(所有格) 你的(東西);你們的(東西)
1244,yourself,代名詞,(反身代名詞)   你自己
1245,yourselves,代名詞,(反身代名詞)   你們自己
1246,yummy,形容詞,好吃的
1247,zebra,名詞,斑馬
1248,zero,形容詞,零的
1248,zero,動詞,把...調整歸零
1248,zero,名詞,零
1249,zoo,名詞,動物園
